Name,Email,Age,Contact Number,Age_Group,Contact_Group
##e##a #i##a###,user_1@pseudo.com,79,650286166,Suppressed,Suppressed
A##o#io #e#e#,user_2@pseudo.com,19,861682758,Suppressed,Suppressed
#e### #o##oe,user_3@pseudo.com,30,3082346470,Suppressed,Suppressed
#ea##e# ##o##,user_4@pseudo.com,65,8574272462,Suppressed,Suppressed
A##e# ##e##o#,user_5@pseudo.com,63,2795263153,Suppressed,Suppressed
#a#e# #e##a#,user_6@pseudo.com,18,602838898,Suppressed,Suppressed
#a#e# #i#e#a,user_7@pseudo.com,27,7067517827,Suppressed,Suppressed
##e##ea ##ee#,user_8@pseudo.com,23,9807647326,Suppressed,Suppressed
#o#e## #ou##,user_9@pseudo.com,50,4304860920,Suppressed,Suppressed
#o#e A##e##o#,user_10@pseudo.com,49,2433742000,Suppressed,Suppressed
#i##e### #e##e#a,user_11@pseudo.com,44,78585479,Suppressed,Suppressed
##a## #o#a#e#,user_12@pseudo.com,23,2338748472,Suppressed,Suppressed
#a#ie# ####u#e,user_13@pseudo.com,30,447934450,Suppressed,Suppressed
#e##a ##ei#,user_14@pseudo.com,62,1535915196,Suppressed,Suppressed
#i##ae# #a#e,user_15@pseudo.com,65,9367459842,Suppressed,Suppressed
#ea# #e#e#,user_16@pseudo.com,22,3501767481,Suppressed,Suppressed
A#a##a #a##o#,user_17@pseudo.com,38,9582417272,Suppressed,Suppressed
#a#e# #oo#,user_18@pseudo.com,46,7866366928,Suppressed,Suppressed
#i## #a##e# #o##i#,user_19@pseudo.com,49,2737705452,Suppressed,Suppressed
#a#e #a##a#e,user_20@pseudo.com,66,1213598498,Suppressed,Suppressed
#i#a ##i###,user_21@pseudo.com,59,3789328985,Suppressed,Suppressed
#e##i#a #e###i###,user_22@pseudo.com,56,7019188921,Suppressed,Suppressed
A#a##a A###a#e,user_23@pseudo.com,56,2574306667,Suppressed,Suppressed
#e#o#a# ##ou#,user_24@pseudo.com,48,8484689269,Suppressed,Suppressed
#a#o# #o#e,user_25@pseudo.com,54,5721681383,Suppressed,Suppressed
#i## #a###a #o##a ##,user_26@pseudo.com,78,1475896465,Suppressed,Suppressed
A###o## #o####o#,user_27@pseudo.com,62,9696903713,Suppressed,Suppressed
##a##e# #i##ia##,user_28@pseudo.com,39,7297505574,Suppressed,Suppressed
A#e#i# #a##i#e#,user_29@pseudo.com,56,364549486,50+,486
A##e# #i##ia##,user_30@pseudo.com,70,4304305056,Suppressed,Suppressed
#a#i# #o##i#ue#,user_31@pseudo.com,38,5970302309,Suppressed,Suppressed
#o##ua #i##ia##,user_32@pseudo.com,54,387814087,Suppressed,Suppressed
#a#e### ##a##o##,user_33@pseudo.com,40,9719585870,30-49,870
#e### Au##i#,user_34@pseudo.com,28,2391374378,Suppressed,Suppressed
#a# #u###,user_35@pseudo.com,55,3243291391,Suppressed,Suppressed
##ei#a ##o#a#,user_36@pseudo.com,71,5052987013,Suppressed,Suppressed
#e#e### #a#e#,user_37@pseudo.com,78,7122745513,Suppressed,Suppressed
#a##e## O#ea#,user_38@pseudo.com,28,3685021987,Suppressed,Suppressed
#e##e## #o##i#ue#,user_39@pseudo.com,74,5177714737,Suppressed,Suppressed
###i##o##e# #o##,user_40@pseudo.com,46,5007649170,Suppressed,Suppressed
##e### #ou##,user_41@pseudo.com,78,5252759980,Suppressed,Suppressed
###a# #a#,user_42@pseudo.com,55,8481137409,Suppressed,Suppressed
#e#i##a #i##e#,user_43@pseudo.com,35,7450323260,Suppressed,Suppressed
A###e# #o#e##,user_44@pseudo.com,79,5518434326,Suppressed,Suppressed
E#i# #o##i#ue#,user_45@pseudo.com,50,2641918137,Suppressed,Suppressed
A#e#a###a #e###,user_46@pseudo.com,67,7228714386,Suppressed,Suppressed
##a# #a##o##,user_47@pseudo.com,65,9559205826,50+,826
#i#o### #i##o#,user_48@pseudo.com,76,1536205183,Suppressed,Suppressed
#e#i##a #i#e#e#,user_49@pseudo.com,50,9419979734,Suppressed,Suppressed
#ia#a ##o#a# ###,user_50@pseudo.com,47,6793526636,Suppressed,Suppressed
###i##o##e# ##a#,user_51@pseudo.com,27,1342189967,Suppressed,Suppressed
#i##ia# ##a##,user_52@pseudo.com,73,3387170907,Suppressed,Suppressed
##e##i ##a##,user_53@pseudo.com,75,3423751336,Suppressed,Suppressed
#e## E#i###o#,user_54@pseudo.com,44,8079320990,Suppressed,Suppressed
A###o## #o#e#,user_55@pseudo.com,60,2880679779,Suppressed,Suppressed
#o#a##a ##i##,user_56@pseudo.com,69,8120603531,Suppressed,Suppressed
Aa#o# #a##ia#o,user_57@pseudo.com,28,6678537317,Suppressed,Suppressed
##a# #a#a##o,user_58@pseudo.com,30,5056323558,Suppressed,Suppressed
E##a## #a##ou#,user_59@pseudo.com,49,5376541543,Suppressed,Suppressed
#a#e# #a##ou#,user_60@pseudo.com,21,8958118275,Suppressed,Suppressed
#ia#e #o#a#,user_61@pseudo.com,42,5779321164,Suppressed,Suppressed
##a# #o##i##,user_62@pseudo.com,49,5465441502,Suppressed,Suppressed
##a##e# #e#e#,user_63@pseudo.com,76,8889927600,Suppressed,Suppressed
#a##i#ia #a#i#,user_64@pseudo.com,26,4623589939,Suppressed,Suppressed
A##e#a ##a##e##,user_65@pseudo.com,31,5970262555,Suppressed,Suppressed
#a##i# #i##o#,user_66@pseudo.com,48,5862607739,Suppressed,Suppressed
#i# #au#,user_67@pseudo.com,39,3466778177,Suppressed,Suppressed
#a###a #i#e##,user_68@pseudo.com,40,7030974925,Suppressed,Suppressed
##a##e# #o##e,user_69@pseudo.com,32,2018769223,Suppressed,Suppressed
#o## #a#i#e#,user_70@pseudo.com,50,2528449744,Suppressed,Suppressed
#i##o# #u##i#a#,user_71@pseudo.com,24,1541464944,Suppressed,Suppressed
#o## #i##a#ue#a,user_72@pseudo.com,77,2943305376,Suppressed,Suppressed
#e#i# #a##e,user_73@pseudo.com,77,7478377946,Suppressed,Suppressed
A## #a##e#,user_74@pseudo.com,31,126553240,Suppressed,Suppressed
#a#e#ie #o##e#,user_75@pseudo.com,48,2382078226,Suppressed,Suppressed
#e### #a#i#,user_76@pseudo.com,22,7662539816,Suppressed,Suppressed
##a## A##e#,user_77@pseudo.com,29,8070033088,Suppressed,Suppressed
#i##e## #o#e##,user_78@pseudo.com,60,7253593978,Suppressed,Suppressed
#u#ie #i##o#,user_79@pseudo.com,32,3054366916,Suppressed,Suppressed
A## #o#a###o#,user_80@pseudo.com,53,8532862510,Suppressed,Suppressed
#i##ae# #ee#e,user_81@pseudo.com,41,5776869593,Suppressed,Suppressed
#a#ia #i##e#,user_82@pseudo.com,69,7383151687,Suppressed,Suppressed
#e#e# #a##,user_83@pseudo.com,24,6235752677,Suppressed,Suppressed
A###o## ##e##e##o#,user_84@pseudo.com,77,4571448058,Suppressed,Suppressed
#o#e## #a##e#,user_85@pseudo.com,51,1782566079,Suppressed,Suppressed
##e#o## ####e#,user_86@pseudo.com,41,314997792,Suppressed,Suppressed
#e#e#i## A##a#e#,user_87@pseudo.com,66,7303559934,50+,934
#e##e#e# #oo#,user_88@pseudo.com,77,6353814906,Suppressed,Suppressed
#o##a #o#i##o#,user_89@pseudo.com,36,4436312784,Suppressed,Suppressed
#a#e# #o###a#,user_90@pseudo.com,71,4113937647,Suppressed,Suppressed
#a#i# #o#e#,user_91@pseudo.com,48,7972422773,Suppressed,Suppressed
#e### ##e#a##,user_92@pseudo.com,20,514368583,Suppressed,Suppressed
#i#o#e #o#i##o#,user_93@pseudo.com,34,2306694935,Suppressed,Suppressed
#e##i#e# ##e##o#,user_94@pseudo.com,21,6204488143,Suppressed,Suppressed
E#i## ##i##,user_95@pseudo.com,71,2244612454,Suppressed,Suppressed
#e#e## #e##e#,user_96@pseudo.com,61,5910440846,Suppressed,Suppressed
#a#ie##e #ee,user_97@pseudo.com,18,2767197407,Suppressed,Suppressed
#ou###e# #a#e#,user_98@pseudo.com,21,2348253447,Suppressed,Suppressed
##. #a#e#o# #e#e##,user_99@pseudo.com,65,1874286364,Suppressed,Suppressed
#o### #e##o#,user_100@pseudo.com,40,9724334102,Suppressed,Suppressed
#a###e# A##e##o#,user_101@pseudo.com,33,3166173808,Suppressed,Suppressed
###e# #u##o#,user_102@pseudo.com,56,2660968372,Suppressed,Suppressed
##i##i# #a##,user_103@pseudo.com,45,9353396064,Suppressed,Suppressed
#i#a##o #a#e#,user_104@pseudo.com,26,2577177216,Suppressed,Suppressed
A#i#o# #u##e#,user_105@pseudo.com,52,4334175962,Suppressed,Suppressed
#a#ie# #a#e,user_106@pseudo.com,65,8682923422,Suppressed,Suppressed
#o#e## #o#i##ue#,user_107@pseudo.com,79,3847414821,Suppressed,Suppressed
#oe A##e##o#,user_108@pseudo.com,57,632997431,Suppressed,Suppressed
#e##i ##e##o#,user_109@pseudo.com,65,533859633,Suppressed,Suppressed
#a#e# #e##o#,user_110@pseudo.com,44,8912170021,Suppressed,Suppressed
#a#a###a #a#e#,user_111@pseudo.com,18,6562622373,Suppressed,Suppressed
#e#e# ##ue#e#,user_112@pseudo.com,29,5587238290,Suppressed,Suppressed
#a#e# ##ee#,user_113@pseudo.com,34,4125708822,Suppressed,Suppressed
##i##o## #a##e#,user_114@pseudo.com,49,6314193421,Suppressed,Suppressed
#a#i# #i###o#,user_115@pseudo.com,52,6352479855,Suppressed,Suppressed
#i##ae# ##e##e##,user_116@pseudo.com,50,5748750033,Suppressed,Suppressed
A###e# #au#,user_117@pseudo.com,33,4082993620,Suppressed,Suppressed
#e##i#e# #o##e#,user_118@pseudo.com,23,9846648287,Suppressed,Suppressed
#a#ie ##i##,user_119@pseudo.com,32,208889931,Suppressed,Suppressed
##a## #o###o#,user_120@pseudo.com,22,4917160243,Suppressed,Suppressed
##a## #i#e,user_121@pseudo.com,26,5061066615,Suppressed,Suppressed
A####a #a##o##,user_122@pseudo.com,59,1227033645,Suppressed,Suppressed
#i#a #a##i#,user_123@pseudo.com,36,4094622528,Suppressed,Suppressed
#i#a ###e##ie,user_124@pseudo.com,39,8584121656,Suppressed,Suppressed
#a#e# ##a##e,user_125@pseudo.com,63,9944051363,Suppressed,Suppressed
A#i##a O#e##,user_126@pseudo.com,19,9826115117,Suppressed,Suppressed
#a#a #a#e,user_127@pseudo.com,67,5174363101,Suppressed,Suppressed
#a### ##o##o#,user_128@pseudo.com,31,1600861235,Suppressed,Suppressed
Au#u## #e#i#,user_129@pseudo.com,61,4063849050,Suppressed,Suppressed
#i### #i##,user_130@pseudo.com,50,9545286571,Suppressed,Suppressed
#o##ie #i##o#,user_131@pseudo.com,70,2023230745,Suppressed,Suppressed
#o## ##e#e#,user_132@pseudo.com,75,4022176477,Suppressed,Suppressed
#a#ie ##i###,user_133@pseudo.com,71,4768924968,Suppressed,Suppressed
##a# #o###a#,user_134@pseudo.com,67,4478263836,Suppressed,Suppressed
#o#e## #o##o#,user_135@pseudo.com,54,8780230731,Suppressed,Suppressed
##o##a #o#e#a#,user_136@pseudo.com,55,6829772231,Suppressed,Suppressed
##ia# #e##e#,user_137@pseudo.com,80,1958154690,Suppressed,Suppressed
#a#a###a #i##e#,user_138@pseudo.com,23,2993148940,Suppressed,Suppressed
#a#a #i###o#,user_139@pseudo.com,55,4643174139,Suppressed,Suppressed
A##e#a O##i#,user_140@pseudo.com,63,2359199907,Suppressed,Suppressed
#a##o## #a#ie##,user_141@pseudo.com,53,404066657,Suppressed,Suppressed
A###e# #oo#e,user_142@pseudo.com,74,8536585662,Suppressed,Suppressed
#a##o## #i##o#,user_143@pseudo.com,39,3730977587,Suppressed,Suppressed
#####a# E##a###,user_144@pseudo.com,71,1168842325,Suppressed,Suppressed
A#e#a##e# #i##ia##,user_145@pseudo.com,56,9365104585,Suppressed,Suppressed
A###o## #i##ia##,user_146@pseudo.com,44,9592269463,Suppressed,Suppressed
#e##e# ##o##,user_147@pseudo.com,35,9191839874,Suppressed,Suppressed
#a##i#ia #i##o#,user_148@pseudo.com,40,9270599894,Suppressed,Suppressed
#a#ie #a##i#e#,user_149@pseudo.com,26,5527067063,Suppressed,Suppressed
#i##o#a# ##o###o#,user_150@pseudo.com,43,1136710849,Suppressed,Suppressed
##a##e# #a##e#,user_151@pseudo.com,41,3531013622,Suppressed,Suppressed
#o##ua ##o#a#,user_152@pseudo.com,78,4198003458,Suppressed,Suppressed
##e## #a#e,user_153@pseudo.com,21,7300467976,Suppressed,Suppressed
#i#a #o##a,user_154@pseudo.com,26,8261107809,Suppressed,Suppressed
#e#e##a #a#ia#,user_155@pseudo.com,50,9826695810,Suppressed,Suppressed
#o#e##a #o##a,user_156@pseudo.com,47,4983092413,Suppressed,Suppressed
###i##o##e# ##o#e#,user_157@pseudo.com,78,2211528754,Suppressed,Suppressed
#o#e## ##o##,user_158@pseudo.com,29,8531952961,Suppressed,Suppressed
#a#i#a #u##e#,user_159@pseudo.com,80,7689886118,Suppressed,Suppressed
##o##a ##i##,user_160@pseudo.com,50,7042599413,Suppressed,Suppressed
#eo# #e#a##u#,user_161@pseudo.com,65,1674122561,50+,561
#ea##e# #o#e#,user_162@pseudo.com,72,7041936417,Suppressed,Suppressed
#e#i##a #o#a#,user_163@pseudo.com,72,780094177,Suppressed,Suppressed
#e#i#ee #a##o##,user_164@pseudo.com,37,4937776752,Suppressed,Suppressed
#a#e# ##oo##,user_165@pseudo.com,63,5416722433,Suppressed,Suppressed
##eo#o#e #o##e#,user_166@pseudo.com,38,2731855728,Suppressed,Suppressed
Au##i# #a##e##,user_167@pseudo.com,54,7598192177,Suppressed,Suppressed
#a## #u##e#,user_168@pseudo.com,55,2014722448,Suppressed,Suppressed
#e##o# #o##e#,user_169@pseudo.com,29,9024716989,Suppressed,Suppressed
#e#e##a ##a##e##,user_170@pseudo.com,25,816880184,Suppressed,Suppressed
#ea##e# #o#a#e#,user_171@pseudo.com,78,5400027201,Suppressed,Suppressed
###. ##a##i #i##e#,user_172@pseudo.com,73,1275728723,Suppressed,Suppressed
#o#e## #a###o#,user_173@pseudo.com,79,8370021887,Suppressed,Suppressed
#ai## #o##,user_174@pseudo.com,37,4842498049,Suppressed,Suppressed
#a## ##e##o#,user_175@pseudo.com,68,1607019377,Suppressed,Suppressed
#a#e#a #o##o# ##,user_176@pseudo.com,36,3529226052,Suppressed,Suppressed
#a##e## #e#eo#,user_177@pseudo.com,30,6105164100,Suppressed,Suppressed
#i#a #i##ia##,user_178@pseudo.com,47,1673053094,Suppressed,Suppressed
##o##a #o##a#e#,user_179@pseudo.com,18,4310812091,Suppressed,Suppressed
#u##e## #o##a#e#,user_180@pseudo.com,51,5054061064,Suppressed,Suppressed
#u#ie #a#,user_181@pseudo.com,43,7981312760,Suppressed,Suppressed
#e#a#ie ##e##e##,user_182@pseudo.com,49,6544561493,Suppressed,Suppressed
#e#i# I##i#,user_183@pseudo.com,70,4893913726,50+,726
A#a# #a###e##,user_184@pseudo.com,39,5985393428,Suppressed,Suppressed
#i##ae# #u##e#,user_185@pseudo.com,73,2878499839,Suppressed,Suppressed
#i###a# ##ie###,user_186@pseudo.com,36,9881732119,Suppressed,Suppressed
#ei## #o#e#,user_187@pseudo.com,64,6201482826,50+,826
#o## #ee#e#,user_188@pseudo.com,74,7876438119,50+,119
###. #e### #o#e,user_189@pseudo.com,58,8896901573,50+,573
##a## ##ie##a#,user_190@pseudo.com,29,1423366186,Suppressed,Suppressed
#e#e#a #u##o#,user_191@pseudo.com,47,5500080168,Suppressed,Suppressed
#a#i# #a###o#,user_192@pseudo.com,73,7150610867,Suppressed,Suppressed
#a##e#i#e #o#e#,user_193@pseudo.com,25,9105675745,Suppressed,Suppressed
#a#e#ie #e##,user_194@pseudo.com,50,8606946851,Suppressed,Suppressed
#i#o### #a##i#e#,user_195@pseudo.com,61,8640078975,Suppressed,Suppressed
###i##o##e# #i##ia##,user_196@pseudo.com,66,7128800398,Suppressed,Suppressed
##i##e# #o###o#,user_197@pseudo.com,24,5337207877,Suppressed,Suppressed
#e###e# A##e##o#,user_198@pseudo.com,74,9392732631,Suppressed,Suppressed
#a###a #a##o##,user_199@pseudo.com,28,1410179860,Suppressed,Suppressed
A###e# #a##o#,user_200@pseudo.com,69,8185216666,Suppressed,Suppressed
###. #a#e#a ##e#a##,user_201@pseudo.com,23,5043746082,Suppressed,Suppressed
#i#a O#e##,user_202@pseudo.com,41,8558290968,Suppressed,Suppressed
##ia# #oo#,user_203@pseudo.com,18,4544178232,Suppressed,Suppressed
#e##i#e# #a##e#a,user_204@pseudo.com,63,7842301465,Suppressed,Suppressed
A## #e##,user_205@pseudo.com,23,4754366314,Suppressed,Suppressed
#o#i# ##e##e##,user_206@pseudo.com,73,7860185373,Suppressed,Suppressed
A##a ##ie###,user_207@pseudo.com,52,1039298798,Suppressed,Suppressed
#a#i# #a#i#,user_208@pseudo.com,45,8631319919,Suppressed,Suppressed
##a##e# ##e#e#,user_209@pseudo.com,63,6402872344,Suppressed,Suppressed
#a##a## #ea#,user_210@pseudo.com,44,9930243187,Suppressed,Suppressed
#e##i#e# ##o##,user_211@pseudo.com,67,2939606793,Suppressed,Suppressed
##e#e# #a###o#,user_212@pseudo.com,35,956054879,Suppressed,Suppressed
#a##i## #i##a###o#,user_213@pseudo.com,65,8309383205,Suppressed,Suppressed
#e##e## #u#e#o ###,user_214@pseudo.com,67,499386173,Suppressed,Suppressed
##e##a#ie #a#e##,user_215@pseudo.com,68,9227273759,50+,759
E#i#a#e## A##i#o#,user_216@pseudo.com,52,1551385448,Suppressed,Suppressed
##a##e# ##e#,user_217@pseudo.com,32,583466528,Suppressed,Suppressed
##o## #e###,user_218@pseudo.com,18,171726487,Suppressed,Suppressed
#e#i##a #e#i#a,user_219@pseudo.com,76,220487933,Suppressed,Suppressed
A###ea #a#o##,user_220@pseudo.com,40,1060777372,Suppressed,Suppressed
#ou##a# #i#e,user_221@pseudo.com,50,2446068165,Suppressed,Suppressed
##e#e# O##oa,user_222@pseudo.com,22,8363803780,Suppressed,Suppressed
##e##a#ie #o#a#e#,user_223@pseudo.com,58,5777230870,Suppressed,Suppressed
#e#e# #u##e#,user_224@pseudo.com,73,3819566619,Suppressed,Suppressed
#a##i#a #a##o#,user_225@pseudo.com,38,6577154718,30-49,718
#e### #o#e##,user_226@pseudo.com,66,6398703253,Suppressed,Suppressed
#e##ie #a##o#,user_227@pseudo.com,18,4406732885,Suppressed,Suppressed
#o#e## #o#e##,user_228@pseudo.com,72,8926257328,Suppressed,Suppressed
A##e#a #e##o#,user_229@pseudo.com,43,7588200880,Suppressed,Suppressed
#a#e# O#e##,user_230@pseudo.com,26,6421703694,Suppressed,Suppressed
#i#o#e #o#e#a##,user_231@pseudo.com,27,8721830884,Suppressed,Suppressed
A#a##a #oo#e,user_232@pseudo.com,44,8811788742,Suppressed,Suppressed
#o## #i##o#,user_233@pseudo.com,69,7920498075,Suppressed,Suppressed
#a#i# ##o##,user_234@pseudo.com,45,3204898026,Suppressed,Suppressed
##ia##a #o##a#e#,user_235@pseudo.com,73,7249079183,Suppressed,Suppressed
#a#a# #o##,user_236@pseudo.com,78,7201428826,50+,826
#i##o#e #o##e#,user_237@pseudo.com,59,2864939841,Suppressed,Suppressed
##e#e#i## #o#i##o#,user_238@pseudo.com,43,7697721809,Suppressed,Suppressed
##a## #o#a#e#,user_239@pseudo.com,73,540586236,Suppressed,Suppressed
##e##a#ie ##i##o##,user_240@pseudo.com,47,2838673821,Suppressed,Suppressed
##e##a#ie ##o##,user_241@pseudo.com,64,2949629522,Suppressed,Suppressed
#####a# #a#i#,user_242@pseudo.com,29,8007185061,Suppressed,Suppressed
##e#e# #e#ia,user_243@pseudo.com,75,3130589061,Suppressed,Suppressed
#a#e#ie #o##,user_244@pseudo.com,67,2618142354,Suppressed,Suppressed
##e##e# #u##e#,user_245@pseudo.com,71,4706625589,Suppressed,Suppressed
##e##e# O##oa,user_246@pseudo.com,19,2749989630,Suppressed,Suppressed
#a###e# A##e#,user_247@pseudo.com,54,6226021286,Suppressed,Suppressed
#a##a#e# #i#e#e#,user_248@pseudo.com,25,5147967096,Suppressed,Suppressed
#i##o#a# #a##o#,user_249@pseudo.com,51,6832969814,Suppressed,Suppressed
#o#e## ##o##,user_250@pseudo.com,50,5152283820,Suppressed,Suppressed
##ia##a ##au#,user_251@pseudo.com,45,7365717027,Suppressed,Suppressed
#a#e# #u##i#a#,user_252@pseudo.com,43,7302002188,Suppressed,Suppressed
#i# ##a#e,user_253@pseudo.com,60,8467023396,Suppressed,Suppressed
#a##e#i#e #o#i#a,user_254@pseudo.com,72,2387312800,Suppressed,Suppressed
#a##e# ##o#a#,user_255@pseudo.com,68,341149852,Suppressed,Suppressed
#u#a# #o###o#,user_256@pseudo.com,36,2315977806,Suppressed,Suppressed
#ia#e ##i##,user_257@pseudo.com,77,8210163249,Suppressed,Suppressed
#i##e##e #ie###,user_258@pseudo.com,20,6849164369,Suppressed,Suppressed
##o##e #u##e#,user_259@pseudo.com,78,7182099759,50+,759
#a##o# ##o#a#,user_260@pseudo.com,22,682312687,Suppressed,Suppressed
#au# #i###e##,user_261@pseudo.com,54,6959120405,50+,405
#e### ###a##,user_262@pseudo.com,36,8627075571,Suppressed,Suppressed
#o##ie #a###,user_263@pseudo.com,24,9864857814,Suppressed,Suppressed
A## A#o##a,user_264@pseudo.com,22,8143081810,Suppressed,Suppressed
#a#a# #o#e#o,user_265@pseudo.com,54,1865011665,Suppressed,Suppressed
#au#e# ##a##e#,user_266@pseudo.com,70,6393251779,Suppressed,Suppressed
#a#a #u##e##,user_267@pseudo.com,80,9596032639,Suppressed,Suppressed
#i##e##e #o##i#ue#,user_268@pseudo.com,79,515475507,Suppressed,Suppressed
#ei#i #o#e##,user_269@pseudo.com,79,3940241387,Suppressed,Suppressed
#a### ##e##o#,user_270@pseudo.com,69,6744074789,Suppressed,Suppressed
#o#e## #a#e#,user_271@pseudo.com,26,4163217747,Suppressed,Suppressed
#u##i# #a##e#o,user_272@pseudo.com,60,795714623,Suppressed,Suppressed
#au#a #a#e#,user_273@pseudo.com,41,436284775,Suppressed,Suppressed
#o#e## #e###,user_274@pseudo.com,60,2039341549,Suppressed,Suppressed
#i##ae# #au##e##,user_275@pseudo.com,65,3845617207,Suppressed,Suppressed
#o#e## #a##i#,user_276@pseudo.com,57,9326148632,Suppressed,Suppressed
#o# #o#i##o#,user_277@pseudo.com,68,1564336135,Suppressed,Suppressed
#o##ia ##e#e##,user_278@pseudo.com,63,7860856515,Suppressed,Suppressed
#e### ##a##i#,user_279@pseudo.com,72,6826103654,Suppressed,Suppressed
#o## #o##e#,user_280@pseudo.com,46,2947205242,Suppressed,Suppressed
#o#e## #o##,user_281@pseudo.com,35,9778898697,Suppressed,Suppressed
##a# #e##o###,user_282@pseudo.com,39,3916486253,Suppressed,Suppressed
#o## #a#i#,user_283@pseudo.com,46,2031246653,Suppressed,Suppressed
##a## #u##a#,user_284@pseudo.com,32,3915788270,Suppressed,Suppressed
A##e#a #eo#a##,user_285@pseudo.com,50,6456809817,Suppressed,Suppressed
#a## #e##,user_286@pseudo.com,50,2169735454,Suppressed,Suppressed
#o#e## ##o#e##,user_287@pseudo.com,45,200161150,Suppressed,Suppressed
#u##i# ####i##,user_288@pseudo.com,42,8931191165,Suppressed,Suppressed
#e##i#a ##e#i##,user_289@pseudo.com,20,8466632454,Suppressed,Suppressed
#i##a## #o##i#ue#,user_290@pseudo.com,38,3845886382,Suppressed,Suppressed
#a#o# A#ui##e,user_291@pseudo.com,42,866480292,Suppressed,Suppressed
E#i# #a##a,user_292@pseudo.com,29,3800671139,Suppressed,Suppressed
#i#o### #o##e#,user_293@pseudo.com,31,724543597,Suppressed,Suppressed
##e#o## #e##a#o,user_294@pseudo.com,74,1768826795,Suppressed,Suppressed
#a##e# ##au#e,user_295@pseudo.com,68,4104336424,Suppressed,Suppressed
##i#ia #ou##,user_296@pseudo.com,49,6790844294,Suppressed,Suppressed
#a#ie##e A#e#a##e#,user_297@pseudo.com,78,1595022466,Suppressed,Suppressed
##a# #e##o#,user_298@pseudo.com,44,7678465917,Suppressed,Suppressed
#a#e# #o#,user_299@pseudo.com,21,6921014307,Suppressed,Suppressed
E#i#a #o##e#,user_300@pseudo.com,21,4443662826,Suppressed,Suppressed
###i##o##e# A##e#,user_301@pseudo.com,57,7538801961,Suppressed,Suppressed
##i##e# #oo#,user_302@pseudo.com,48,6173199116,Suppressed,Suppressed
#i##a## E##i#,user_303@pseudo.com,41,8438435849,Suppressed,Suppressed
O#a# #o##a#e#,user_304@pseudo.com,45,3446921203,Suppressed,Suppressed
#e#e##a #u##e#,user_305@pseudo.com,60,8125137765,Suppressed,Suppressed
##i##a## #oo#,user_306@pseudo.com,23,4939264242,Suppressed,Suppressed
#i#a #o#e,user_307@pseudo.com,42,4810050726,Suppressed,Suppressed
##i##i# #e#i#,user_308@pseudo.com,68,7693941854,Suppressed,Suppressed
###i##i#a #au##e##,user_309@pseudo.com,18,3778892325,Suppressed,Suppressed
E##i# #a##i##,user_310@pseudo.com,77,6334717206,Suppressed,Suppressed
#a#ia #e##e##o#,user_311@pseudo.com,23,6323946899,Suppressed,Suppressed
#a#i# #ee#e,user_312@pseudo.com,80,1006327464,Suppressed,Suppressed
###. #i#a #i## ##,user_313@pseudo.com,42,7703898324,Suppressed,Suppressed
#i##e### ##e#a##,user_314@pseudo.com,57,6402987573,50+,573
##ai# #a#e##,user_315@pseudo.com,64,1329414586,Suppressed,Suppressed
A##e##e #u##e#,user_316@pseudo.com,73,4417932950,Suppressed,Suppressed
#i#a #oo#e,user_317@pseudo.com,80,4515771406,50+,406
#a#a##a #a#e##i#e,user_318@pseudo.com,77,7165727557,Suppressed,Suppressed
#ei## #oo#e,user_319@pseudo.com,38,5502995830,Suppressed,Suppressed
#o#e# #a###e#,user_320@pseudo.com,63,2964675296,Suppressed,Suppressed
#i##ia# #a##e#,user_321@pseudo.com,18,8522992920,Suppressed,Suppressed
#i##o#a# #e#ia,user_322@pseudo.com,71,3972452818,Suppressed,Suppressed
#au#e# #i##e#,user_323@pseudo.com,55,8007175873,50+,873
##a# #o#e##,user_324@pseudo.com,67,1366300062,Suppressed,Suppressed
#o### #i##o#,user_325@pseudo.com,38,4700384308,Suppressed,Suppressed
##a# #i##e##a#,user_326@pseudo.com,50,2165038829,Suppressed,Suppressed
#e##e## #a##e#,user_327@pseudo.com,44,24683803,Suppressed,Suppressed
#a#a# ##o#e##,user_328@pseudo.com,35,7275167763,Suppressed,Suppressed
##i##e# #a###,user_329@pseudo.com,36,9041222874,Suppressed,Suppressed
#a##a ##o##,user_330@pseudo.com,63,3318498577,Suppressed,Suppressed
A###e# #a###e##,user_331@pseudo.com,64,783806669,Suppressed,Suppressed
#a##i#ia Au##i#,user_332@pseudo.com,45,5074832307,Suppressed,Suppressed
#a###e# #a##,user_333@pseudo.com,37,8509910602,Suppressed,Suppressed
#i##e### #i##e##o#,user_334@pseudo.com,79,1131957202,Suppressed,Suppressed
##a#i #a##i#e#,user_335@pseudo.com,71,534998980,Suppressed,Suppressed
#a## #a###,user_336@pseudo.com,63,707629259,Suppressed,Suppressed
#a#o# ##i###,user_337@pseudo.com,37,2766466159,Suppressed,Suppressed
#e#o#i#a #i#a##a,user_338@pseudo.com,73,8082289352,50+,352
#i##e##e #o##i##,user_339@pseudo.com,52,9229136528,Suppressed,Suppressed
#oa## #ua##e,user_340@pseudo.com,58,7902397838,Suppressed,Suppressed
#a#e#a #a##e#,user_341@pseudo.com,62,2512365116,Suppressed,Suppressed
#e#a# #e##a##e#,user_342@pseudo.com,59,5875507304,Suppressed,Suppressed
#i##e##e #e#e#,user_343@pseudo.com,44,4671531799,Suppressed,Suppressed
#ei# #o##,user_344@pseudo.com,70,5292761759,50+,759
##a##o# ##a###,user_345@pseudo.com,70,508694538,Suppressed,Suppressed
##a# #u##,user_346@pseudo.com,36,3720549465,Suppressed,Suppressed
#a#ie A#ia#,user_347@pseudo.com,67,2706578932,Suppressed,Suppressed
#i##e##e #a##e#,user_348@pseudo.com,61,3803751857,Suppressed,Suppressed
#e#o#a# #a##e#,user_349@pseudo.com,74,6619313642,Suppressed,Suppressed
##ei#a #u##e#,user_350@pseudo.com,62,4156046833,Suppressed,Suppressed
#i#o#e #i#e#a,user_351@pseudo.com,69,4430106904,Suppressed,Suppressed
###i##ia# #o##i##,user_352@pseudo.com,59,305916584,Suppressed,Suppressed
#a#ue# #e##a#o,user_353@pseudo.com,50,928845014,Suppressed,Suppressed
#i##ae# #a##a,user_354@pseudo.com,74,800234665,Suppressed,Suppressed
#e#o#a# #a###a##,user_355@pseudo.com,58,7143129867,Suppressed,Suppressed
#o#e## #a##i#e#,user_356@pseudo.com,30,5285757419,Suppressed,Suppressed
#u#a# ##o###o#,user_357@pseudo.com,59,9820121410,Suppressed,Suppressed
#####i# #o##o#a# ##,user_358@pseudo.com,62,7150830335,Suppressed,Suppressed
##o#a# #a##ia,user_359@pseudo.com,48,5197947140,Suppressed,Suppressed
#e#e# #o#a#io,user_360@pseudo.com,42,25932511,Suppressed,Suppressed
#e#e#a ##o##,user_361@pseudo.com,43,4560661027,Suppressed,Suppressed
#e### #e##e#,user_362@pseudo.com,79,820144689,Suppressed,Suppressed
#ea##e# #e##,user_363@pseudo.com,53,4402004953,Suppressed,Suppressed
A###o## ##e#e##,user_364@pseudo.com,30,3967361033,Suppressed,Suppressed
#e##i#e# #a##i#o#,user_365@pseudo.com,52,5749649424,Suppressed,Suppressed
#a#e# #o#e#,user_366@pseudo.com,19,3442915104,Suppressed,Suppressed
#a##a# #a#,user_367@pseudo.com,58,9611910689,Suppressed,Suppressed
#a###e# #i##a,user_368@pseudo.com,39,5692468525,Suppressed,Suppressed
#a##e# ##a#,user_369@pseudo.com,65,5371982007,Suppressed,Suppressed
##a# #a##e#,user_370@pseudo.com,51,9691743601,Suppressed,Suppressed
Au##i# O#o##e##,user_371@pseudo.com,44,915615959,Suppressed,Suppressed
E##a## A##a#a#o,user_372@pseudo.com,28,690759862,Suppressed,Suppressed
#i##ae# #o#e#,user_373@pseudo.com,46,1839193323,Suppressed,Suppressed
#e#i# #o###o#,user_374@pseudo.com,44,5531184696,Suppressed,Suppressed
A###e# #e##o#,user_375@pseudo.com,59,542964361,Suppressed,Suppressed
#a### ##e###,user_376@pseudo.com,80,9198962200,50+,200
E#i# #e#e#,user_377@pseudo.com,67,2180909934,50+,934
#a#e# #u##a#,user_378@pseudo.com,35,6332820227,Suppressed,Suppressed
#eo#a## ##a###,user_379@pseudo.com,49,8186748226,Suppressed,Suppressed
#o##ie ####ai#,user_380@pseudo.com,58,4397330230,Suppressed,Suppressed
#i##ae# #a##e#,user_381@pseudo.com,70,4915748194,Suppressed,Suppressed
###i##o##e# #o#e#,user_382@pseudo.com,51,883432985,Suppressed,Suppressed
E#i#a#e## #o##i#ue#,user_383@pseudo.com,69,2467845275,50+,275
#o##ua ##a##a#,user_384@pseudo.com,44,9849598060,Suppressed,Suppressed
A#e# #o#e#,user_385@pseudo.com,65,5992210566,Suppressed,Suppressed
#au# #ee,user_386@pseudo.com,33,5594303957,Suppressed,Suppressed
A#a##a #a##e#,user_387@pseudo.com,35,4871763280,Suppressed,Suppressed
##a#e ##e##,user_388@pseudo.com,43,3166692629,Suppressed,Suppressed
#au#e# ##i##e#,user_389@pseudo.com,44,520713534,Suppressed,Suppressed
##a#e #o##e#,user_390@pseudo.com,40,1307735097,30-49,097
A#e#i# #u##e##,user_391@pseudo.com,32,9704808706,Suppressed,Suppressed
E#i## A#e#a##e#,user_392@pseudo.com,47,5762213489,Suppressed,Suppressed
#a#o# #e#i#a,user_393@pseudo.com,25,4476403859,Suppressed,Suppressed
###i##o##e# #a##a#,user_394@pseudo.com,39,6424043820,Suppressed,Suppressed
#a#a###a #o#,user_395@pseudo.com,20,2399691605,Suppressed,Suppressed
##e##a #o##e#,user_396@pseudo.com,32,4728851842,Suppressed,Suppressed
#a## #o#a##,user_397@pseudo.com,27,3833165451,Suppressed,Suppressed
##e#i #i##e#a#,user_398@pseudo.com,34,9065527651,Suppressed,Suppressed
#a##### #o#e#,user_399@pseudo.com,23,8102143289,Suppressed,Suppressed
##i##i#a #i###,user_400@pseudo.com,69,3945053284,Suppressed,Suppressed
#a##ie# #ee#,user_401@pseudo.com,42,3220913166,Suppressed,Suppressed
##i##a## #a##i##,user_402@pseudo.com,25,3127631855,Suppressed,Suppressed
#o### #a##i#,user_403@pseudo.com,28,3482685325,Suppressed,Suppressed
#e#o#a# #u####,user_404@pseudo.com,49,8378163630,Suppressed,Suppressed
#o#i ####a###,user_405@pseudo.com,26,1659815028,Suppressed,Suppressed
#i##ia# #i##,user_406@pseudo.com,75,5294936687,Suppressed,Suppressed
#e#e#a E##io##,user_407@pseudo.com,31,9065051094,Suppressed,Suppressed
#au# E##i#o#a,user_408@pseudo.com,80,3890150359,Suppressed,Suppressed
#a###e# #o#e##,user_409@pseudo.com,76,7937712936,Suppressed,Suppressed
#i##ae# #a##o# I#,user_410@pseudo.com,26,9396226660,Suppressed,Suppressed
##i##e# #a##,user_411@pseudo.com,40,623090304,Suppressed,Suppressed
#a##a #a##ue#,user_412@pseudo.com,63,609855318,Suppressed,Suppressed
#eo#a## ##e#e#,user_413@pseudo.com,23,6070686732,Suppressed,Suppressed
#a##e##ie #a##e#,user_414@pseudo.com,72,8765456455,Suppressed,Suppressed
#au#a ##o##,user_415@pseudo.com,74,2281958053,Suppressed,Suppressed
#ou##a# #i##ia##,user_416@pseudo.com,19,4965719836,Suppressed,Suppressed
#a##e#e #e##e#,user_417@pseudo.com,54,9774231439,Suppressed,Suppressed
A#e#i# #a##a##,user_418@pseudo.com,50,986363382,Suppressed,Suppressed
##. #o##a# #o# ##.,user_419@pseudo.com,58,2776387276,Suppressed,Suppressed
##i##e# ##a#,user_420@pseudo.com,44,2057577667,Suppressed,Suppressed
#i##ae# #a##i##,user_421@pseudo.com,78,1227740275,50+,275
#i#a #a##,user_422@pseudo.com,44,6518275436,Suppressed,Suppressed
#e##i#e# #o##e#,user_423@pseudo.com,63,3963821152,Suppressed,Suppressed
#o##a# #u##e#,user_424@pseudo.com,71,7549712254,Suppressed,Suppressed
#a#i# #o##i##,user_425@pseudo.com,49,5587698176,Suppressed,Suppressed
#ea# #a#i#,user_426@pseudo.com,51,9076893515,Suppressed,Suppressed
#a#e#a #o#e#a##,user_427@pseudo.com,48,6921579209,Suppressed,Suppressed
##a## ##a#,user_428@pseudo.com,49,3148762411,Suppressed,Suppressed
#e##a E##io##,user_429@pseudo.com,45,550384427,Suppressed,Suppressed
##e#e# ##o#a#,user_430@pseudo.com,26,8023573119,Suppressed,Suppressed
##a#i# E#a##,user_431@pseudo.com,70,7827502206,Suppressed,Suppressed
#o#e## #a#e##ue#a,user_432@pseudo.com,73,4075066991,Suppressed,Suppressed
#o#a##a #i##ia##,user_433@pseudo.com,72,4930921306,Suppressed,Suppressed
#u#a# #a##,user_434@pseudo.com,21,9848194636,Suppressed,Suppressed
#u#ie #a#ie##,user_435@pseudo.com,27,4277662879,Suppressed,Suppressed
#a### #a##e#,user_436@pseudo.com,30,358932172,Suppressed,Suppressed
##e##a#ie #a##ia,user_437@pseudo.com,54,9684072139,Suppressed,Suppressed
##e##a #a##e#,user_438@pseudo.com,73,1305154379,Suppressed,Suppressed
#i##ea# #o#e#,user_439@pseudo.com,25,8106391871,Suppressed,Suppressed
###i##ia# ##e#e##,user_440@pseudo.com,18,8434628484,Suppressed,Suppressed
##a#ie #u####,user_441@pseudo.com,52,5868400585,Suppressed,Suppressed
A#a##a ##a##,user_442@pseudo.com,46,6469110427,Suppressed,Suppressed
#e##i#e# #o##i#ue#,user_443@pseudo.com,62,9492704836,Suppressed,Suppressed
#a#ie ##i##,user_444@pseudo.com,57,591516302,Suppressed,Suppressed
#i##ae# #i#e#e#,user_445@pseudo.com,41,4362774097,30-49,097
##. #a#ie# A##e##o#,user_446@pseudo.com,19,8722916116,Suppressed,Suppressed
#o#a##a# #u#e#,user_447@pseudo.com,61,7641486926,Suppressed,Suppressed
#ea# ##a#,user_448@pseudo.com,55,1112742870,Suppressed,Suppressed
#e#e#a #u#o#,user_449@pseudo.com,70,5371737200,50+,200
#a#ie #o###o#e##,user_450@pseudo.com,22,7567034557,Suppressed,Suppressed
A#a##a A###o##,user_451@pseudo.com,45,7401420856,Suppressed,Suppressed
#a# #i###,user_452@pseudo.com,57,1694346235,Suppressed,Suppressed
#o##ua #u##e#,user_453@pseudo.com,63,8018875188,Suppressed,Suppressed
#a#ie# #a##o#,user_454@pseudo.com,74,9431519275,50+,275
##ia# #e#e##e#,user_455@pseudo.com,22,9930866849,Suppressed,Suppressed
#i#a ##o##,user_456@pseudo.com,51,8852628743,Suppressed,Suppressed
#e##i#a #a##i#,user_457@pseudo.com,51,8769063852,Suppressed,Suppressed
##i###e# #i##ia##,user_458@pseudo.com,46,6012040307,Suppressed,Suppressed
##e##a #o##i##,user_459@pseudo.com,74,2465307449,Suppressed,Suppressed
#i##e##e #a##i#e#,user_460@pseudo.com,35,5038824993,Suppressed,Suppressed
A##e#a ###ea#,user_461@pseudo.com,71,7011384873,50+,873
A##e#a ###a##,user_462@pseudo.com,76,5621056082,Suppressed,Suppressed
#e#u# #i##e#,user_463@pseudo.com,80,8152051744,Suppressed,Suppressed
#e#u# #a###e#,user_464@pseudo.com,38,2279325350,Suppressed,Suppressed
A###ea #a##e#,user_465@pseudo.com,26,2532870520,Suppressed,Suppressed
#o## #a###,user_466@pseudo.com,67,1334509287,Suppressed,Suppressed
#u##i# #ui#,user_467@pseudo.com,66,605194201,Suppressed,Suppressed
A#e#i# ##a## ###,user_468@pseudo.com,28,2191959057,Suppressed,Suppressed
#e#i#ia #a##a## ##,user_469@pseudo.com,21,7538055422,Suppressed,Suppressed
#u#a##e #o#e###,user_470@pseudo.com,58,8981302443,Suppressed,Suppressed
#a## ##o##,user_471@pseudo.com,66,9519997068,Suppressed,Suppressed
#a## #a##o#,user_472@pseudo.com,42,7706198812,Suppressed,Suppressed
#a## #ai#e#,user_473@pseudo.com,35,1725271018,Suppressed,Suppressed
A###e# #u#ie##e#,user_474@pseudo.com,39,4847284873,Suppressed,Suppressed
#e### #a##e#,user_475@pseudo.com,29,7853704456,Suppressed,Suppressed
#o#### #a#e#,user_476@pseudo.com,24,8755491736,Suppressed,Suppressed
Aa#o# #a##e##e,user_477@pseudo.com,75,3015806265,Suppressed,Suppressed
#i##o#ia O#ea#,user_478@pseudo.com,18,1407653162,Suppressed,Suppressed
A##e #oo#,user_479@pseudo.com,68,7432118503,50+,503
#a#a###a #i##o#,user_480@pseudo.com,55,9158722283,Suppressed,Suppressed
#i## #o##a#e#,user_481@pseudo.com,45,9144221785,Suppressed,Suppressed
##i##e# ##a##,user_482@pseudo.com,50,3799061134,Suppressed,Suppressed
##e##e# ##ee#a#,user_483@pseudo.com,27,7904588015,Suppressed,Suppressed
A## A###e##,user_484@pseudo.com,47,3571483638,Suppressed,Suppressed
#i##o#ia O##ie#,user_485@pseudo.com,69,1636590920,Suppressed,Suppressed
#e##i#e# #a##e#,user_486@pseudo.com,44,6899532813,Suppressed,Suppressed
A#a# #o#a###o#,user_487@pseudo.com,18,544263280,Suppressed,Suppressed
#e##i## ##i#e,user_488@pseudo.com,73,6053413097,Suppressed,Suppressed
##ia# #e##a#,user_489@pseudo.com,71,1272961119,50+,119
#i#o### #o##a#e#,user_490@pseudo.com,75,1520429968,Suppressed,Suppressed
##e#e# ##ee#,user_491@pseudo.com,31,2494178154,Suppressed,Suppressed
E#i# ##i##,user_492@pseudo.com,56,2874598405,50+,405
#ea##e# #e##e##,user_493@pseudo.com,68,4088360725,Suppressed,Suppressed
A#i#ai# ##a#a#,user_494@pseudo.com,65,5876421736,Suppressed,Suppressed
#o#i# #u#ie##e#,user_495@pseudo.com,41,8002091273,Suppressed,Suppressed
##ia##a #o#e##,user_496@pseudo.com,33,4994535567,Suppressed,Suppressed
##e##a#ie #e###,user_497@pseudo.com,28,7653274560,Suppressed,Suppressed
#o#a## #i#e#,user_498@pseudo.com,23,3981307713,Suppressed,Suppressed
A###o## #e#a,user_499@pseudo.com,55,2230458996,Suppressed,Suppressed
#e### ##o#a#,user_500@pseudo.com,48,2177541374,Suppressed,Suppressed
#a#i# #a###o#,user_501@pseudo.com,69,7723037297,Suppressed,Suppressed
A#i#o# ##i##i##,user_502@pseudo.com,66,4916616271,Suppressed,Suppressed
A#i#a #a##i#,user_503@pseudo.com,27,7535993253,Suppressed,Suppressed
#a#ie# #o##,user_504@pseudo.com,27,9695863939,Suppressed,Suppressed
#a###a #ou##o#,user_505@pseudo.com,25,1564962145,Suppressed,Suppressed
###i##o##e# #o##a#,user_506@pseudo.com,37,5328747380,Suppressed,Suppressed
#i##o#a# #a##e#,user_507@pseudo.com,75,348325495,Suppressed,Suppressed
#i##a ###a#ie#,user_508@pseudo.com,79,3187750683,Suppressed,Suppressed
#a#i# #o##i#,user_509@pseudo.com,70,3629255309,Suppressed,Suppressed
#ia#e ##o##,user_510@pseudo.com,28,3221670805,Suppressed,Suppressed
##o## #i##e##a#,user_511@pseudo.com,21,2489307255,Suppressed,Suppressed
A#a##a #e#e#,user_512@pseudo.com,20,8958123681,Suppressed,Suppressed
#a#e# ##i## ###,user_513@pseudo.com,54,3939618944,Suppressed,Suppressed
#au# #####,user_514@pseudo.com,52,6454397030,Suppressed,Suppressed
#i#o### #u#ie##e#,user_515@pseudo.com,63,9055913765,Suppressed,Suppressed
#a## ##u#e#,user_516@pseudo.com,36,2361351137,Suppressed,Suppressed
##a##o# #e###,user_517@pseudo.com,78,6820065172,Suppressed,Suppressed
#o##a# #o##o#,user_518@pseudo.com,39,5980804339,Suppressed,Suppressed
#ea# #a##ue#,user_519@pseudo.com,69,1202145084,Suppressed,Suppressed
#oa##e #e##,user_520@pseudo.com,78,7302523738,Suppressed,Suppressed
#a#o# #u##i#,user_521@pseudo.com,79,1562181764,Suppressed,Suppressed
#a#e##a #a##e##e#,user_522@pseudo.com,30,2863462467,Suppressed,Suppressed
###. #i##o#ia A#a#a,user_523@pseudo.com,49,3396140832,Suppressed,Suppressed
#e##i#e# #ee#,user_524@pseudo.com,48,4658990846,Suppressed,Suppressed
E#i#a#e## #e##e##,user_525@pseudo.com,36,3428476797,Suppressed,Suppressed
##a#e #i##,user_526@pseudo.com,71,749227486,50+,486
#e#i##a #ue##a,user_527@pseudo.com,70,4734196180,Suppressed,Suppressed
#e###e# #e#e##e#,user_528@pseudo.com,48,1530333582,Suppressed,Suppressed
#e#i# O##i#,user_529@pseudo.com,41,8528073506,Suppressed,Suppressed
A#i#a #a##e#,user_530@pseudo.com,40,9146543581,Suppressed,Suppressed
#o##a# #o#e##,user_531@pseudo.com,79,7616053021,Suppressed,Suppressed
##e##a#ie ####i## ##,user_532@pseudo.com,75,8119123317,Suppressed,Suppressed
#e#i# ##a##,user_533@pseudo.com,70,7522017849,Suppressed,Suppressed
#o## #o##,user_534@pseudo.com,45,5058638667,Suppressed,Suppressed
#a#e# #a#i#,user_535@pseudo.com,62,9153679483,Suppressed,Suppressed
#a##ae# #a##,user_536@pseudo.com,69,9542862382,Suppressed,Suppressed
A## #i##ia##,user_537@pseudo.com,21,2372896554,Suppressed,Suppressed
##ia# #a##i#,user_538@pseudo.com,30,495095430,Suppressed,Suppressed
E#i#a #oo#e,user_539@pseudo.com,29,1892996084,Suppressed,Suppressed
#a#a #aa#,user_540@pseudo.com,61,5387178672,Suppressed,Suppressed
##ia# #a##o# ###,user_541@pseudo.com,66,6244996061,Suppressed,Suppressed
##a## #o#e#,user_542@pseudo.com,80,1939087023,Suppressed,Suppressed
#i##a## #o##a#,user_543@pseudo.com,50,62172840,Suppressed,Suppressed
#e### ##e#o##,user_544@pseudo.com,48,6300787865,Suppressed,Suppressed
#a##i## A#e#e#o,user_545@pseudo.com,62,5370065953,Suppressed,Suppressed
###a# #o#e#,user_546@pseudo.com,18,110143607,Suppressed,Suppressed
#a#o# #a##i#e#,user_547@pseudo.com,59,5861024699,Suppressed,Suppressed
#e##i#e# ##a##e,user_548@pseudo.com,63,3528018338,Suppressed,Suppressed
#o#e## ###u###,user_549@pseudo.com,22,5714630566,Suppressed,Suppressed
#a##i#e ##i##i##,user_550@pseudo.com,59,533337406,50+,406
A#ia#a #a#e,user_551@pseudo.com,39,3730418694,Suppressed,Suppressed
#a###e# #u#ie##e#,user_552@pseudo.com,56,3961258350,50+,350
#i##o#ia #u#ie##e#,user_553@pseudo.com,27,1592962153,Suppressed,Suppressed
#e##a#i# #oo#,user_554@pseudo.com,45,8522179443,Suppressed,Suppressed
#u#ie #ue##a,user_555@pseudo.com,62,9503845405,50+,405
#i##a## E##a###,user_556@pseudo.com,40,9427174405,Suppressed,Suppressed
#a#o# ##a##,user_557@pseudo.com,49,7542559104,Suppressed,Suppressed
##i##e# #a#i#,user_558@pseudo.com,29,2654328876,Suppressed,Suppressed
#e##i#e# #a##,user_559@pseudo.com,55,6921665199,Suppressed,Suppressed
#i#a ##a###a#,user_560@pseudo.com,70,1576480937,Suppressed,Suppressed
###i##i#a ##o#a#,user_561@pseudo.com,54,4445218114,Suppressed,Suppressed
##e##e# ##a##e##,user_562@pseudo.com,62,6843241706,Suppressed,Suppressed
A###o## #o# ##,user_563@pseudo.com,22,8421716183,Suppressed,Suppressed
#o#e## #e#e#,user_564@pseudo.com,41,7812039073,Suppressed,Suppressed
##ia# #i,user_565@pseudo.com,55,4713445561,50+,561
#au# #a#e#,user_566@pseudo.com,60,9791115191,Suppressed,Suppressed
#a##o# ##i##,user_567@pseudo.com,48,1775092567,Suppressed,Suppressed
#####a# ##i##e,user_568@pseudo.com,43,701866079,Suppressed,Suppressed
#a###ee# #a#i##o#,user_569@pseudo.com,80,1720379352,50+,352
#e##e## E##i#,user_570@pseudo.com,69,9325861970,Suppressed,Suppressed
#i##e### #o#e#,user_571@pseudo.com,73,8514889891,Suppressed,Suppressed
#i##a## #o###o#,user_572@pseudo.com,60,6585577359,Suppressed,Suppressed
#o#i ##i####e,user_573@pseudo.com,56,843879163,Suppressed,Suppressed
#e#e#a #a###,user_574@pseudo.com,43,7168304516,Suppressed,Suppressed
##e##a E#i###o#,user_575@pseudo.com,74,3550611647,Suppressed,Suppressed
A##e#a ##i###,user_576@pseudo.com,67,5122839174,Suppressed,Suppressed
#i##e### #ue##e#o,user_577@pseudo.com,35,7185200735,Suppressed,Suppressed
#ea##e# #a###o#,user_578@pseudo.com,77,8694166937,Suppressed,Suppressed
#eo##e #i#e#e#,user_579@pseudo.com,34,146225894,Suppressed,Suppressed
#o#e## ###o##i##,user_580@pseudo.com,37,2849388392,Suppressed,Suppressed
#i#a ##ee#e,user_581@pseudo.com,25,7534429873,Suppressed,Suppressed
#a## ##a#,user_582@pseudo.com,61,518904425,Suppressed,Suppressed
#i#e# ##o##,user_583@pseudo.com,40,487134905,Suppressed,Suppressed
Aa#o# #e##o#,user_584@pseudo.com,67,9825003369,Suppressed,Suppressed
#a## #i##e#,user_585@pseudo.com,80,450889594,Suppressed,Suppressed
##a## #a#i#,user_586@pseudo.com,21,3311083310,Suppressed,Suppressed
#au# #ea#,user_587@pseudo.com,44,6989360248,Suppressed,Suppressed
#a##ie# #o#i##o#,user_588@pseudo.com,76,3877169316,Suppressed,Suppressed
#u#a# #i#e#,user_589@pseudo.com,40,2669173790,Suppressed,Suppressed
#a#ie ##i#e,user_590@pseudo.com,22,570706985,Suppressed,Suppressed
#e#i#e A##e#,user_591@pseudo.com,32,6630021634,Suppressed,Suppressed
##a##i##o #io#,user_592@pseudo.com,29,4632342098,Suppressed,Suppressed
#i##o#ia #a#e#,user_593@pseudo.com,57,2165656423,Suppressed,Suppressed
A##e# O##,user_594@pseudo.com,68,780276054,Suppressed,Suppressed
#i##ae# #o###o#,user_595@pseudo.com,47,4301535485,Suppressed,Suppressed
#a## ##e#i##,user_596@pseudo.com,74,2402503214,Suppressed,Suppressed
E#i# #e##e##,user_597@pseudo.com,60,9622697567,Suppressed,Suppressed
###i##o##e# ##i##,user_598@pseudo.com,53,4057147406,50+,406
#a#a#ie #o###o#,user_599@pseudo.com,32,7287144247,Suppressed,Suppressed
#i##o#a# #o#o#,user_600@pseudo.com,78,921656403,Suppressed,Suppressed
A#e#a###a #a##o#,user_601@pseudo.com,76,6010605939,Suppressed,Suppressed
#a###e# #a##i#,user_602@pseudo.com,42,9828525893,Suppressed,Suppressed
#o#e #i#e#a,user_603@pseudo.com,18,6361368185,Suppressed,Suppressed
##i##e# ##u#e#,user_604@pseudo.com,31,8622012953,Suppressed,Suppressed
A###e# #a#e,user_605@pseudo.com,32,4819181966,Suppressed,Suppressed
#e#e## ###o##,user_606@pseudo.com,24,7007256210,Suppressed,Suppressed
#e#e##a #a##ia ##,user_607@pseudo.com,51,3164399496,Suppressed,Suppressed
#a##u# #a##o#,user_608@pseudo.com,20,6447961364,Suppressed,Suppressed
#a#e# #oo#,user_609@pseudo.com,66,2279186556,Suppressed,Suppressed
A###e# E##io##,user_610@pseudo.com,24,7947060203,Suppressed,Suppressed
##i### #i##o##,user_611@pseudo.com,70,8294363141,Suppressed,Suppressed
#eo##e #e##e##,user_612@pseudo.com,66,2634300516,Suppressed,Suppressed
#u##i# #a###,user_613@pseudo.com,74,6984068413,Suppressed,Suppressed
#a#e# #o###o#,user_614@pseudo.com,69,4113538501,Suppressed,Suppressed
##a## #o#e#o,user_615@pseudo.com,44,8147288119,Suppressed,Suppressed
#e##i#a ##a#e,user_616@pseudo.com,56,2586130653,Suppressed,Suppressed
#a## #i##,user_617@pseudo.com,74,7409849760,Suppressed,Suppressed
##e### #i##o#,user_618@pseudo.com,43,2016185589,Suppressed,Suppressed
A##e# #o##i##,user_619@pseudo.com,73,8061198726,50+,726
#a#io #a#o#,user_620@pseudo.com,39,3782134834,Suppressed,Suppressed
##o#a# #e##,user_621@pseudo.com,24,4008644578,Suppressed,Suppressed
A## #i##a###,user_622@pseudo.com,58,7791167503,50+,503
#a#a###a ###o##i##,user_623@pseudo.com,45,6867517106,Suppressed,Suppressed
#a### #u##i###a#,user_624@pseudo.com,62,1687365422,Suppressed,Suppressed
#i##o#ia #e#a,user_625@pseudo.com,58,719162094,Suppressed,Suppressed
#i##a## #i#e,user_626@pseudo.com,19,7719883017,Suppressed,Suppressed
#a##i## #o##i#ue#,user_627@pseudo.com,66,7007792609,Suppressed,Suppressed
#i##e## #a##ia#o,user_628@pseudo.com,53,6496420072,Suppressed,Suppressed
#i##a #o##a#,user_629@pseudo.com,33,190900901,Suppressed,Suppressed
##i##e# #o##e#,user_630@pseudo.com,66,6029282978,Suppressed,Suppressed
#e#i##a #a##e##,user_631@pseudo.com,46,7107772785,Suppressed,Suppressed
#o## E#a##,user_632@pseudo.com,22,5453274682,Suppressed,Suppressed
#a##a## O#e#,user_633@pseudo.com,73,5888277295,Suppressed,Suppressed
##ai# #####,user_634@pseudo.com,46,8706364210,Suppressed,Suppressed
#i##ia# O##i#,user_635@pseudo.com,40,7307590576,Suppressed,Suppressed
#a#i##a #ai#e#,user_636@pseudo.com,74,6992240560,Suppressed,Suppressed
A###ee A##e##o#,user_637@pseudo.com,72,2913063987,Suppressed,Suppressed
#a#e### #a##o#,user_638@pseudo.com,19,7413449705,Suppressed,Suppressed
#a#o# #o##e#,user_639@pseudo.com,47,5826364845,Suppressed,Suppressed
#o#i #a##i#,user_640@pseudo.com,48,5089880572,Suppressed,Suppressed
#o##ua #e##u#o#,user_641@pseudo.com,18,1650145646,Suppressed,Suppressed
#au#e# ##a##o##,user_642@pseudo.com,40,1611828999,Suppressed,Suppressed
#a## #a##e# ##,user_643@pseudo.com,49,7231174627,Suppressed,Suppressed
A#e#a #e#e#,user_644@pseudo.com,65,3242482068,Suppressed,Suppressed
##a## E##i#o#a,user_645@pseudo.com,80,3153650441,Suppressed,Suppressed
#u##i# #a##a#,user_646@pseudo.com,70,6392283199,Suppressed,Suppressed
A#a# #u#ie##e#,user_647@pseudo.com,53,262250726,50+,726
#e#a# ##a##a#,user_648@pseudo.com,79,1423743317,Suppressed,Suppressed
#i#a #i##a###o#,user_649@pseudo.com,63,2927082416,Suppressed,Suppressed
#i##a #i##o#,user_650@pseudo.com,66,6034654142,Suppressed,Suppressed
#e#i# ##i##,user_651@pseudo.com,53,2139768988,Suppressed,Suppressed
#####a# #o#i##o#,user_652@pseudo.com,44,1318365963,Suppressed,Suppressed
#e##a#i# ####e#,user_653@pseudo.com,43,201031217,Suppressed,Suppressed
#o## ##i###,user_654@pseudo.com,59,5316062854,Suppressed,Suppressed
#u##i# #e#e#,user_655@pseudo.com,36,6254344954,Suppressed,Suppressed
##ia# #ai#,user_656@pseudo.com,51,9121329866,Suppressed,Suppressed
#a#ie ##e#a##,user_657@pseudo.com,42,7832089271,Suppressed,Suppressed
A##e# ##i##i##,user_658@pseudo.com,49,7906437097,30-49,097
##i### #o#e#,user_659@pseudo.com,24,8965244286,Suppressed,Suppressed
#o##ua #e,user_660@pseudo.com,77,2633316337,Suppressed,Suppressed
#a#o# ##a##o#,user_661@pseudo.com,68,1503800291,Suppressed,Suppressed
#a#i# #a##,user_662@pseudo.com,69,5106493598,Suppressed,Suppressed
A#i#ia #e#i#,user_663@pseudo.com,46,2651605503,Suppressed,Suppressed
#i##e### #o##i##,user_664@pseudo.com,55,660817227,Suppressed,Suppressed
#i##a## ##a##,user_665@pseudo.com,80,9352680393,Suppressed,Suppressed
E##a# #a#a##o,user_666@pseudo.com,40,9476125998,Suppressed,Suppressed
#ea##e# #a#e#,user_667@pseudo.com,39,3780338446,Suppressed,Suppressed
##ia# #a##o#,user_668@pseudo.com,63,3845360579,Suppressed,Suppressed
##i##i# #o#e#a#,user_669@pseudo.com,58,2374169873,50+,873
#a#i# ##a##o#,user_670@pseudo.com,80,9441007253,Suppressed,Suppressed
#a#o# #a#e##ia,user_671@pseudo.com,18,1105545932,Suppressed,Suppressed
#o#i E#i###o#,user_672@pseudo.com,67,8787580051,Suppressed,Suppressed
#a##e# ##o#e,user_673@pseudo.com,51,4042376074,Suppressed,Suppressed
#u#a# ##a###a#,user_674@pseudo.com,27,865496518,Suppressed,Suppressed
#i##ae# E#a##,user_675@pseudo.com,54,1049163977,Suppressed,Suppressed
#i# #a##i#,user_676@pseudo.com,62,6926159350,50+,350
##a# #e#i#,user_677@pseudo.com,42,8294409836,Suppressed,Suppressed
#o## #a##e#,user_678@pseudo.com,67,6493531974,Suppressed,Suppressed
#i##e##e #i##ia##,user_679@pseudo.com,68,5975527238,Suppressed,Suppressed
##e### ##a#,user_680@pseudo.com,74,835130979,Suppressed,Suppressed
#e##a #a##o#,user_681@pseudo.com,67,1699203358,Suppressed,Suppressed
##a##e# #o##a#e#,user_682@pseudo.com,46,5989302702,Suppressed,Suppressed
#a##a# #a##o#,user_683@pseudo.com,70,2398906754,Suppressed,Suppressed
#a#o### #u##e#,user_684@pseudo.com,71,1698289352,50+,352
##a## #i##i##,user_685@pseudo.com,66,641688271,Suppressed,Suppressed
##e#e#a #i##ia## ###,user_686@pseudo.com,58,6079002886,Suppressed,Suppressed
#i##o#a# #o##a#,user_687@pseudo.com,61,3746881664,Suppressed,Suppressed
#e#o#a# #o#e#,user_688@pseudo.com,70,5240129646,Suppressed,Suppressed
#o#### #a##o#,user_689@pseudo.com,57,1599606472,Suppressed,Suppressed
#i#o### #o##e#,user_690@pseudo.com,39,175405501,Suppressed,Suppressed
#i##e### #a##i#e#,user_691@pseudo.com,33,556513742,Suppressed,Suppressed
##e##a #i### ###,user_692@pseudo.com,47,1795017678,Suppressed,Suppressed
#u##i# #i#o#,user_693@pseudo.com,50,819114111,Suppressed,Suppressed
#a## #oo##,user_694@pseudo.com,54,492895484,Suppressed,Suppressed
#a#i# #e##i## ##.,user_695@pseudo.com,28,3187000819,Suppressed,Suppressed
##e#e# #ea##o#,user_696@pseudo.com,67,6663026610,Suppressed,Suppressed
#o## ##e#o##,user_697@pseudo.com,71,8863864400,Suppressed,Suppressed
#ea##e# #o#e#,user_698@pseudo.com,44,3792978777,Suppressed,Suppressed
##o## #oo#e#,user_699@pseudo.com,44,2788561221,Suppressed,Suppressed
#e#i##a #o###o#e##,user_700@pseudo.com,50,1467116916,Suppressed,Suppressed
#e##i# #a###e#,user_701@pseudo.com,46,7611736145,Suppressed,Suppressed
#e#e# #o#e#,user_702@pseudo.com,78,7928200378,Suppressed,Suppressed
#e#a# #a##ia,user_703@pseudo.com,80,9400165046,Suppressed,Suppressed
A##e# #a##e# ###,user_704@pseudo.com,64,8821554358,Suppressed,Suppressed
A###e# ##o##,user_705@pseudo.com,47,2279636736,Suppressed,Suppressed
#o#i #a#e##,user_706@pseudo.com,49,5911980140,Suppressed,Suppressed
#o## #i##i##,user_707@pseudo.com,30,7565124549,Suppressed,Suppressed
#o##ua #o##a,user_708@pseudo.com,43,4091906356,Suppressed,Suppressed
#i#a ##a##o##,user_709@pseudo.com,61,9786206583,Suppressed,Suppressed
#o#i# #e##i##,user_710@pseudo.com,28,4414661401,Suppressed,Suppressed
#e##i#a #a##,user_711@pseudo.com,70,4160422891,Suppressed,Suppressed
#a##a #eo#,user_712@pseudo.com,75,5800889486,50+,486
#o#a##a# #ee#,user_713@pseudo.com,25,2753478772,Suppressed,Suppressed
#o#e## #a#ie##,user_714@pseudo.com,58,6381692742,Suppressed,Suppressed
#i##o#a# ##i#e,user_715@pseudo.com,68,2522645901,Suppressed,Suppressed
A#e#a##e# ##e##,user_716@pseudo.com,21,3809198612,19-29,612
#ea##e# #i##e#,user_717@pseudo.com,27,469319517,Suppressed,Suppressed
A## ##ee#,user_718@pseudo.com,48,7146206930,Suppressed,Suppressed
##e### #a##i#,user_719@pseudo.com,78,3521343025,Suppressed,Suppressed
#e#e### #a##a,user_720@pseudo.com,61,3069754762,Suppressed,Suppressed
#e#o#a# #ui##,user_721@pseudo.com,59,1447702552,Suppressed,Suppressed
##e##a#ie #o#e#,user_722@pseudo.com,59,2079872548,50+,548
#a#o# #o#e,user_723@pseudo.com,48,4098290465,Suppressed,Suppressed
#ou##a# #ea##,user_724@pseudo.com,19,3871572470,Suppressed,Suppressed
##a## #ee#,user_725@pseudo.com,51,3596164847,Suppressed,Suppressed
#o#e## #oo#e,user_726@pseudo.com,22,7341698351,Suppressed,Suppressed
#i##ae# #oo#,user_727@pseudo.com,40,5060816087,Suppressed,Suppressed
#ua# #o#e#,user_728@pseudo.com,24,5472916817,Suppressed,Suppressed
#a##### ##a##,user_729@pseudo.com,56,4509947934,50+,934
#o## ##e#e#,user_730@pseudo.com,72,641161042,Suppressed,Suppressed
#u#a# #a##i#,user_731@pseudo.com,56,5261898063,Suppressed,Suppressed
#au# #e##a#,user_732@pseudo.com,31,6683915386,Suppressed,Suppressed
A## #a##e##e,user_733@pseudo.com,68,3295006119,50+,119
#a#ie #a##e#,user_734@pseudo.com,59,2461615232,Suppressed,Suppressed
#a#ie ##i##,user_735@pseudo.com,29,3644598535,Suppressed,Suppressed
#ea##e# ###i##a#,user_736@pseudo.com,31,5251166784,Suppressed,Suppressed
#e##a## #i##,user_737@pseudo.com,71,2609285189,Suppressed,Suppressed
#o##ua #o##a#e#,user_738@pseudo.com,73,9765482038,Suppressed,Suppressed
##a##e# ###u###,user_739@pseudo.com,43,6087562256,Suppressed,Suppressed
#a##e## #u##e#,user_740@pseudo.com,26,8791359405,Suppressed,Suppressed
E#ua##o ##e#e##,user_741@pseudo.com,45,942000303,Suppressed,Suppressed
###i##o##e# I##i#,user_742@pseudo.com,20,2404227699,Suppressed,Suppressed
#u## #i#ue#oa,user_743@pseudo.com,76,2670565453,Suppressed,Suppressed
#e##i# #o#a#,user_744@pseudo.com,54,6008088305,Suppressed,Suppressed
#a##a#a #o#i#,user_745@pseudo.com,51,3194573390,Suppressed,Suppressed
#e##i#a #ea##,user_746@pseudo.com,51,5245571512,Suppressed,Suppressed
#a#e# #ee,user_747@pseudo.com,70,8207382883,Suppressed,Suppressed
#o#e A##e##o#,user_748@pseudo.com,18,8057434918,Suppressed,Suppressed
O#i#ia #oo#e,user_749@pseudo.com,57,4550158349,Suppressed,Suppressed
#e##ie #u##,user_750@pseudo.com,32,9021626718,30-49,718
#e#i#a## ###o#,user_751@pseudo.com,76,1163277893,Suppressed,Suppressed
#o#e## #a##i#e#,user_752@pseudo.com,46,6108088241,Suppressed,Suppressed
E#i# ##u#,user_753@pseudo.com,50,1874655314,Suppressed,Suppressed
#i#a O#o##e##,user_754@pseudo.com,59,5546311457,Suppressed,Suppressed
#a#a##a# #e##o#,user_755@pseudo.com,53,6590264516,Suppressed,Suppressed
##a## #au##e##,user_756@pseudo.com,56,6315871354,Suppressed,Suppressed
#o##ie #oo#e,user_757@pseudo.com,42,1514846395,Suppressed,Suppressed
#o##ia O##o#,user_758@pseudo.com,70,6825456519,Suppressed,Suppressed
#ou###e# ##i##,user_759@pseudo.com,39,6234436787,Suppressed,Suppressed
#a### #a###e#,user_760@pseudo.com,48,5040201714,Suppressed,Suppressed
#i##ae# #a##o#,user_761@pseudo.com,61,8194851598,Suppressed,Suppressed
A##o#io #o##a#e#,user_762@pseudo.com,66,9392885718,Suppressed,Suppressed
#a## #a##o#,user_763@pseudo.com,77,1122150403,Suppressed,Suppressed
#o#a##a# #o###o#,user_764@pseudo.com,53,2577377265,Suppressed,Suppressed
#i##a## #e##o#,user_765@pseudo.com,52,5900239569,Suppressed,Suppressed
#e#e #i##ia##,user_766@pseudo.com,52,7547172196,Suppressed,Suppressed
#oa##a #a#e,user_767@pseudo.com,60,6898079386,Suppressed,Suppressed
#i### A#a##,user_768@pseudo.com,62,4620454470,Suppressed,Suppressed
###. A## #a###o#,user_769@pseudo.com,18,2983668556,Suppressed,Suppressed
#o#e# #a##e#,user_770@pseudo.com,78,3290165788,Suppressed,Suppressed
#a#ie ###o##i##,user_771@pseudo.com,23,4098103356,Suppressed,Suppressed
#a##a#e# #o#e#,user_772@pseudo.com,18,2494158632,Suppressed,Suppressed
##o##a #i##o#e,user_773@pseudo.com,39,2943205911,Suppressed,Suppressed
#e#o#a# ##o##,user_774@pseudo.com,78,6265190268,Suppressed,Suppressed
##ia# ##e#e#,user_775@pseudo.com,75,6731847209,Suppressed,Suppressed
#ou###e# #i#e#,user_776@pseudo.com,61,5024737097,Suppressed,Suppressed
A##e# ##o#e#,user_777@pseudo.com,78,316114138,Suppressed,Suppressed
#u## ##e##e##,user_778@pseudo.com,65,4562908371,Suppressed,Suppressed
#a#ie# #e#e#,user_779@pseudo.com,54,5075560106,Suppressed,Suppressed
Au##i# #e#i#,user_780@pseudo.com,34,817702798,Suppressed,Suppressed
#e##a #u#ie##e#,user_781@pseudo.com,80,9206099544,Suppressed,Suppressed
E##ie #i##ia##,user_782@pseudo.com,68,7985801561,50+,561
#a#ie #a##e#,user_783@pseudo.com,31,2831494225,Suppressed,Suppressed
#a#ie #a###e#,user_784@pseudo.com,72,7176820624,Suppressed,Suppressed
#u##e# ##o##,user_785@pseudo.com,68,3813831020,Suppressed,Suppressed
##a## #o##o#,user_786@pseudo.com,76,4680576679,Suppressed,Suppressed
A##e#a #i##ia##,user_787@pseudo.com,41,3199691368,Suppressed,Suppressed
A##e#i#a ##e##o#,user_788@pseudo.com,72,7462948764,Suppressed,Suppressed
#a#i# #o###o#,user_789@pseudo.com,29,6558739218,Suppressed,Suppressed
#i##ia# ##a#,user_790@pseudo.com,46,6202665538,Suppressed,Suppressed
##i#i# ##i##,user_791@pseudo.com,31,9275861860,Suppressed,Suppressed
#a#e# #a##i#,user_792@pseudo.com,22,1609544606,Suppressed,Suppressed
##i##e# #o###,user_793@pseudo.com,22,8791811148,Suppressed,Suppressed
#e###a #e#eo#,user_794@pseudo.com,51,2678339280,Suppressed,Suppressed
###i##o##e# #ea##,user_795@pseudo.com,78,7076365624,Suppressed,Suppressed
##ei#a #i##ia##o#,user_796@pseudo.com,55,3319835898,Suppressed,Suppressed
#i#o### ##a##,user_797@pseudo.com,19,3278359974,Suppressed,Suppressed
#i#a #i#e#a ###,user_798@pseudo.com,67,8356646178,Suppressed,Suppressed
##e#e# #a##i#e#,user_799@pseudo.com,19,5045315749,Suppressed,Suppressed
#a#a #e##e#,user_800@pseudo.com,74,8184391644,Suppressed,Suppressed
#a##e# #i###e##,user_801@pseudo.com,32,3521141044,Suppressed,Suppressed
####e #a##ia,user_802@pseudo.com,64,3031678370,Suppressed,Suppressed
#u#ie #a#a#a#,user_803@pseudo.com,71,5025133827,Suppressed,Suppressed
#a### #e,user_804@pseudo.com,75,7745746616,Suppressed,Suppressed
#a##ie ##o##,user_805@pseudo.com,28,7211860991,Suppressed,Suppressed
#o#a##a# #a###o,user_806@pseudo.com,72,3281953587,Suppressed,Suppressed
#a#e# #o#i##ue#,user_807@pseudo.com,69,6537692784,Suppressed,Suppressed
#o## #a##e#,user_808@pseudo.com,36,1972041853,Suppressed,Suppressed
#e##e## #ee,user_809@pseudo.com,66,7341132322,Suppressed,Suppressed
#o#e## #u##a#,user_810@pseudo.com,58,5360467582,Suppressed,Suppressed
E#i# #a#o##,user_811@pseudo.com,57,6805686726,50+,726
#au#a #ui#,user_812@pseudo.com,32,1487414359,Suppressed,Suppressed
##e##a#ie A##a#e#,user_813@pseudo.com,78,5958647453,Suppressed,Suppressed
##a#o# #o###e#a#,user_814@pseudo.com,23,6019062752,Suppressed,Suppressed
#i##ae# #a#ie##,user_815@pseudo.com,49,7856092903,Suppressed,Suppressed
#i##a## #i##e#,user_816@pseudo.com,53,2145915021,Suppressed,Suppressed
#i#o### #a##ia#o,user_817@pseudo.com,26,1397042500,Suppressed,Suppressed
#a## #e#e#,user_818@pseudo.com,63,8951126893,Suppressed,Suppressed
#e#i# ##a##,user_819@pseudo.com,58,8981839929,Suppressed,Suppressed
#i##ae# #e#i#,user_820@pseudo.com,65,2987872493,Suppressed,Suppressed
#o#e##a ##a#e,user_821@pseudo.com,68,2059023627,Suppressed,Suppressed
#o#e## #oo##,user_822@pseudo.com,26,6350411530,Suppressed,Suppressed
#a#ia #o#e##,user_823@pseudo.com,63,8175174334,Suppressed,Suppressed
##a##o# ##i###,user_824@pseudo.com,64,8519484535,Suppressed,Suppressed
E#i# #a#e#,user_825@pseudo.com,34,5946869127,Suppressed,Suppressed
#o#e #i#e#,user_826@pseudo.com,21,8102255994,Suppressed,Suppressed
##a#e A###e##,user_827@pseudo.com,50,1018258290,Suppressed,Suppressed
#####a# #u##i###a#,user_828@pseudo.com,19,9197121713,Suppressed,Suppressed
###e# ##i####e,user_829@pseudo.com,35,8711759843,Suppressed,Suppressed
###. A##e# #o#e# ###,user_830@pseudo.com,67,636935054,Suppressed,Suppressed
A## #e###,user_831@pseudo.com,27,749659104,Suppressed,Suppressed
#a## #i###e##,user_832@pseudo.com,18,7735405595,Suppressed,Suppressed
A##i#o# #ue#a#,user_833@pseudo.com,31,7946737870,30-49,870
#e#i# #a##i##o,user_834@pseudo.com,28,6645211488,Suppressed,Suppressed
#e##a#i# #u##o#,user_835@pseudo.com,54,9555534017,Suppressed,Suppressed
#a#e# #a##o##,user_836@pseudo.com,21,5900984612,19-29,612
###. #e##i#a ##e#a##,user_837@pseudo.com,74,4527100732,Suppressed,Suppressed
#a##a#e# #a###e#,user_838@pseudo.com,68,2691694597,Suppressed,Suppressed
##a##i ##i#e,user_839@pseudo.com,41,8672396033,Suppressed,Suppressed
##. #o# A##a#e# ##,user_840@pseudo.com,41,7778278059,Suppressed,Suppressed
A#a# ###a#ie#,user_841@pseudo.com,18,3432353265,Suppressed,Suppressed
##a#e #a##i#o#,user_842@pseudo.com,53,6943091212,Suppressed,Suppressed
#a##e# #o##i#ue#,user_843@pseudo.com,50,7483466803,Suppressed,Suppressed
E#i#a#e## #a##e##,user_844@pseudo.com,54,6649542818,Suppressed,Suppressed
#a#a #o##i#ue#,user_845@pseudo.com,71,2954296434,Suppressed,Suppressed
##e#o## #a###,user_846@pseudo.com,65,4859244951,Suppressed,Suppressed
#ea# #i##o##,user_847@pseudo.com,43,6891496673,Suppressed,Suppressed
##e### #o##i#,user_848@pseudo.com,35,8983014995,Suppressed,Suppressed
#a##a# ###u###,user_849@pseudo.com,37,9703496781,Suppressed,Suppressed
#e### #i##ia##,user_850@pseudo.com,50,4998767593,Suppressed,Suppressed
#o#a##a# #oo#,user_851@pseudo.com,49,2915856718,30-49,718
A## ##a##o#,user_852@pseudo.com,33,1737296233,Suppressed,Suppressed
#o#a##a# ##i##,user_853@pseudo.com,74,1825138573,50+,573
#ea# #e##a##e#,user_854@pseudo.com,46,3113409103,Suppressed,Suppressed
##. A#e#a##e# #a##i#e#,user_855@pseudo.com,63,2697920720,Suppressed,Suppressed
##e### #a##,user_856@pseudo.com,21,6647320337,Suppressed,Suppressed
#e##i#e# #o##e,user_857@pseudo.com,18,5655631075,Suppressed,Suppressed
#a##i#a E##a###,user_858@pseudo.com,57,9832616455,Suppressed,Suppressed
A#a##a #o#e#a#,user_859@pseudo.com,28,6644453563,Suppressed,Suppressed
#i##e##e #i##e#,user_860@pseudo.com,33,6681936046,Suppressed,Suppressed
#e#a## #e##e##,user_861@pseudo.com,50,8136042826,50+,826
A###ee #e#e#,user_862@pseudo.com,59,4973607835,Suppressed,Suppressed
#e##a#i# ##a###,user_863@pseudo.com,64,5406868301,Suppressed,Suppressed
#e#u# #a###e##,user_864@pseudo.com,62,1795998495,Suppressed,Suppressed
A###ea #e##e##,user_865@pseudo.com,35,5190726689,Suppressed,Suppressed
##a## #o##i##,user_866@pseudo.com,67,8046294007,Suppressed,Suppressed
A##e# A##e##o#,user_867@pseudo.com,24,4657810075,Suppressed,Suppressed
#a##a###a #a###,user_868@pseudo.com,43,4540918690,Suppressed,Suppressed
#i##ae# ##ea,user_869@pseudo.com,34,3637903238,Suppressed,Suppressed
#i##e### #i###,user_870@pseudo.com,68,8629779889,Suppressed,Suppressed
#e##e## ##ai#,user_871@pseudo.com,37,5015238224,Suppressed,Suppressed
#i###a# #o##e#,user_872@pseudo.com,71,498449499,Suppressed,Suppressed
#i##ia# #u##e#,user_873@pseudo.com,69,7814872299,Suppressed,Suppressed
##o#a# #a##e#,user_874@pseudo.com,62,1558061200,50+,200
#ea##a #o#e#,user_875@pseudo.com,24,6295584870,Suppressed,Suppressed
A##i# #i##ia## ###,user_876@pseudo.com,18,6309035339,Suppressed,Suppressed
#o#e## #i##i#,user_877@pseudo.com,52,3128300087,Suppressed,Suppressed
#a#e# #e##e#,user_878@pseudo.com,33,8076853829,Suppressed,Suppressed
#a##i## #o##i##,user_879@pseudo.com,63,7246786449,Suppressed,Suppressed
#e### A#a##,user_880@pseudo.com,19,6887729105,Suppressed,Suppressed
###i##i#e #o##o# ###,user_881@pseudo.com,54,8184282753,Suppressed,Suppressed
#u## #a#e,user_882@pseudo.com,54,1374797316,Suppressed,Suppressed
#o## #i##ia##,user_883@pseudo.com,37,6175154955,Suppressed,Suppressed
A#e#a##e# #e#ia,user_884@pseudo.com,45,8650819013,Suppressed,Suppressed
#a#i#e #a##,user_885@pseudo.com,45,6758771645,Suppressed,Suppressed
#a###e# #a#a,user_886@pseudo.com,73,831761299,Suppressed,Suppressed
#o## #i##o#,user_887@pseudo.com,39,7801887263,Suppressed,Suppressed
##e#e# #o###o#e##,user_888@pseudo.com,37,7436363215,Suppressed,Suppressed
#a#a##a #o#a##,user_889@pseudo.com,73,4111589150,Suppressed,Suppressed
A#e#a##e# #o##i#ue#,user_890@pseudo.com,56,2197321522,Suppressed,Suppressed
#a###e# ##a##o##,user_891@pseudo.com,69,9655502392,Suppressed,Suppressed
#a#e#o# #oo#,user_892@pseudo.com,66,9428266773,Suppressed,Suppressed
#a#e# #a##e#,user_893@pseudo.com,71,1651695548,50+,548
##. #ei#i #e#i#,user_894@pseudo.com,18,8867946234,Suppressed,Suppressed
#o## #a##e#,user_895@pseudo.com,56,6026533300,Suppressed,Suppressed
##o## #e#e#,user_896@pseudo.com,40,2759944356,Suppressed,Suppressed
#i##e##e ##o#a#,user_897@pseudo.com,71,8207876743,Suppressed,Suppressed
#e##i#e# #e#i#a,user_898@pseudo.com,28,6755826501,Suppressed,Suppressed
##e#e#a #e###,user_899@pseudo.com,71,8640399778,Suppressed,Suppressed
##i### #ea#e#,user_900@pseudo.com,32,1551366481,Suppressed,Suppressed
#i#a ##a#,user_901@pseudo.com,20,9190062355,Suppressed,Suppressed
#o## #e###,user_902@pseudo.com,45,3941586006,Suppressed,Suppressed
#a##a #a###e##,user_903@pseudo.com,30,6037139358,Suppressed,Suppressed
A###o## ##a#e#,user_904@pseudo.com,19,6457905009,Suppressed,Suppressed
#i#a #e##o#a,user_905@pseudo.com,56,5268126524,Suppressed,Suppressed
#i#a ##o#a#,user_906@pseudo.com,75,4466775244,Suppressed,Suppressed
#a#o# #o#i##ue#,user_907@pseudo.com,76,4752849117,Suppressed,Suppressed
##a##o# #u##e#,user_908@pseudo.com,57,8274390394,Suppressed,Suppressed
#i##e### #a##o#,user_909@pseudo.com,54,7745945514,Suppressed,Suppressed
##a## #oo#e,user_910@pseudo.com,20,4815202968,Suppressed,Suppressed
#oa# E###a#a,user_911@pseudo.com,37,9052762600,Suppressed,Suppressed
#i##ae# ##e#,user_912@pseudo.com,43,1561162106,Suppressed,Suppressed
##a#o# ##e##o#,user_913@pseudo.com,60,399741471,Suppressed,Suppressed
A#e#a #ee#e,user_914@pseudo.com,58,7371639006,Suppressed,Suppressed
A###o## A#a##,user_915@pseudo.com,34,9680435944,Suppressed,Suppressed
E#i#a ##i## ###,user_916@pseudo.com,58,9655707838,Suppressed,Suppressed
#e### #u##e#,user_917@pseudo.com,21,1654259532,Suppressed,Suppressed
Au##i# ###u###,user_918@pseudo.com,31,5657549052,Suppressed,Suppressed
#a#e# #a#i#,user_919@pseudo.com,39,6685379731,Suppressed,Suppressed
#e##i#a E#a##,user_920@pseudo.com,66,6266397481,Suppressed,Suppressed
#e#e# #i##,user_921@pseudo.com,53,3701405488,Suppressed,Suppressed
#i##o# #a##e#,user_922@pseudo.com,57,9002687645,Suppressed,Suppressed
#au# #a##e##,user_923@pseudo.com,25,4165076612,19-29,612
##o##a #a###,user_924@pseudo.com,53,4373371719,Suppressed,Suppressed
###i##o##e# #a#i#,user_925@pseudo.com,40,2954179132,Suppressed,Suppressed
#a#a##a #a##e##e,user_926@pseudo.com,78,662943264,Suppressed,Suppressed
#e##a#i# #e##,user_927@pseudo.com,31,650424360,Suppressed,Suppressed
#i#a #a##ia,user_928@pseudo.com,34,7446562948,Suppressed,Suppressed
#o## #a#e#,user_929@pseudo.com,72,427777536,Suppressed,Suppressed
##a## #a##ue#,user_930@pseudo.com,59,9352133364,Suppressed,Suppressed
#a#ue# #o##,user_931@pseudo.com,22,7375760267,Suppressed,Suppressed
#a###ee# ##o##,user_932@pseudo.com,45,2696683764,Suppressed,Suppressed
A###e# #i##ia##,user_933@pseudo.com,72,105394350,50+,350
##. #a###e# #iu ##,user_934@pseudo.com,29,6102189705,Suppressed,Suppressed
#a###a #o#e# ###,user_935@pseudo.com,42,4743063498,Suppressed,Suppressed
##a##o##e ##u#e#,user_936@pseudo.com,69,6392343064,Suppressed,Suppressed
#u##e# ##i##,user_937@pseudo.com,60,2041431215,Suppressed,Suppressed
##e#e#i## #o#e#,user_938@pseudo.com,36,6016894260,Suppressed,Suppressed
#a##a## #a#i#,user_939@pseudo.com,68,9942585750,Suppressed,Suppressed
###i##i#a #o#e#,user_940@pseudo.com,56,7597421757,Suppressed,Suppressed
##a##i# ##a#,user_941@pseudo.com,40,9517137835,Suppressed,Suppressed
#a### #e##i##,user_942@pseudo.com,28,5182298210,Suppressed,Suppressed
#i### #a###o#,user_943@pseudo.com,42,9296094992,Suppressed,Suppressed
#a##a#a ##o##,user_944@pseudo.com,18,9701415427,Suppressed,Suppressed
#i##o# #a##o#,user_945@pseudo.com,57,2634227551,Suppressed,Suppressed
E#a# #e#e#,user_946@pseudo.com,49,7007982795,Suppressed,Suppressed
#a#e##a #i###,user_947@pseudo.com,43,6004460870,30-49,870
#ee #o##e,user_948@pseudo.com,74,7019764348,Suppressed,Suppressed
#a#e# #a#e#,user_949@pseudo.com,79,3508681837,Suppressed,Suppressed
##a##o# #o#,user_950@pseudo.com,28,7094736196,Suppressed,Suppressed
##a## #ue##e#,user_951@pseudo.com,20,6085403344,Suppressed,Suppressed
#i##a## #oo# ##,user_952@pseudo.com,22,7632760204,Suppressed,Suppressed
#e### #o#e,user_953@pseudo.com,77,7886561979,Suppressed,Suppressed
#i##ae# ##ee#,user_954@pseudo.com,33,8458073568,Suppressed,Suppressed
#o#e## ##o##,user_955@pseudo.com,23,1585250088,Suppressed,Suppressed
E##a## #a##i#,user_956@pseudo.com,21,1783568534,Suppressed,Suppressed
#o## #e##o#,user_957@pseudo.com,62,2853080863,Suppressed,Suppressed
#a### #e#eo#,user_958@pseudo.com,30,9649919495,Suppressed,Suppressed
#e#e# #a##i#e#,user_959@pseudo.com,64,3227475987,Suppressed,Suppressed
##e##a#ie E###a#a,user_960@pseudo.com,33,687596268,Suppressed,Suppressed
#e#o## #i##o#,user_961@pseudo.com,50,2704448603,Suppressed,Suppressed
#a#ue# #i##e#,user_962@pseudo.com,59,9642606795,Suppressed,Suppressed
#a#a# #a#a#a,user_963@pseudo.com,31,5070239504,Suppressed,Suppressed
#au# #o#e###,user_964@pseudo.com,46,6040259934,Suppressed,Suppressed
#i##ia# ##i##,user_965@pseudo.com,44,1307849150,Suppressed,Suppressed
##e## #e##a#,user_966@pseudo.com,28,3404367020,Suppressed,Suppressed
#a###e# #a##o#,user_967@pseudo.com,67,3948083193,Suppressed,Suppressed
#u#ie #i##ia##,user_968@pseudo.com,19,2190561099,Suppressed,Suppressed
#o#i#ue #aue#,user_969@pseudo.com,24,5164951645,Suppressed,Suppressed
#a##o## #i#a#,user_970@pseudo.com,23,2954311523,Suppressed,Suppressed
#ei## ##a##,user_971@pseudo.com,70,4305443414,Suppressed,Suppressed
#a#o# ##o##,user_972@pseudo.com,62,9109293017,Suppressed,Suppressed
#i# ##e#a##,user_973@pseudo.com,72,2776604385,Suppressed,Suppressed
#i##a## #u##i##,user_974@pseudo.com,53,7579100367,Suppressed,Suppressed
#i#a##o #a##e#,user_975@pseudo.com,27,6309697870,Suppressed,Suppressed
#a#a##a #a#o#,user_976@pseudo.com,19,7316041922,Suppressed,Suppressed
#o#a##a# #ee,user_977@pseudo.com,22,9634850082,Suppressed,Suppressed
##i##i# #e,user_978@pseudo.com,38,5008429947,Suppressed,Suppressed
#a##e#i#e #o#a##,user_979@pseudo.com,22,7699741249,Suppressed,Suppressed
#i##ia# #i##a,user_980@pseudo.com,64,8039250120,Suppressed,Suppressed
#e##i#e# #u##e#,user_981@pseudo.com,52,798589395,Suppressed,Suppressed
##a## #o#e###o#,user_982@pseudo.com,48,9900499928,Suppressed,Suppressed
##e##a#ie ##i##,user_983@pseudo.com,44,7460355487,Suppressed,Suppressed
###. #i##o#ia ##o##,user_984@pseudo.com,47,790616757,Suppressed,Suppressed
###i##o##e# #o#e#,user_985@pseudo.com,79,6144633851,Suppressed,Suppressed
#ou###e# #i##o#,user_986@pseudo.com,40,3252427472,Suppressed,Suppressed
A#a# #ee#,user_987@pseudo.com,69,5615823578,Suppressed,Suppressed
#a###a #o##o#,user_988@pseudo.com,54,4642952205,Suppressed,Suppressed
#oui# O##i#,user_989@pseudo.com,77,6890095576,Suppressed,Suppressed
#i#a #o##,user_990@pseudo.com,47,4653978397,Suppressed,Suppressed
Aa#o# ##a#e#,user_991@pseudo.com,25,1390116179,Suppressed,Suppressed
A###ea #ie###,user_992@pseudo.com,58,727558548,50+,548
A##a #i##e#,user_993@pseudo.com,70,8945136503,50+,503
#a#e# #u##e#,user_994@pseudo.com,25,3128611395,Suppressed,Suppressed
##ia# ##e##e##,user_995@pseudo.com,64,6778688190,Suppressed,Suppressed
