Name,Email,Age,Contact Number
Brenda Richards,michelle76@example.org,79,9898586166
Antonio Perez,psingleton@example.net,19,9876282758
Terry Monroe,edwardross@example.net,30,9782846470
Heather Floyd,cookbrooke@example.net,65,9739572462
Allen Shelton,craigcollins@example.net,63,9676063153
James Newman,rwebb@example.com,18,9647538898
Caleb Rivera,alexanderlawson@example.com,27,9467517827
Chelsea Green,brownamy@example.org,23,9466647326
Robert Young,charles22@example.net,50,9338860920
Jose Anderson,amy07@example.com,49,9129042000
Kimberly Herrera,christopherhines@example.org,44,9105985479
Grant Morales,rosskaren@example.org,23,9083448472
Daniel Mcclure,wrightjames@example.com,30,8829034450
Jenna Stein,ethompson@example.org,62,8402415196
Michael Tate,burgessmarisa@example.org,65,8334659842
Sean Weber,frenchstacy@example.org,22,8298067481
Amanda Watson,lindsayortiz@example.org,38,8268017272
James Wood,jmoses@example.com,46,8079666928
Miss Rachel Morris,david75@example.org,49,8017905452
Jane Wallace,lopezdanielle@example.org,66,7947698498
Lisa Wright,kellyryan@example.net,59,7786328985
Jessica Hendricks,tiffany58@example.org,56,7682288921
Amanda Andrade,theresa24@example.net,56,7489206667
Deborah Stout,jmiller@example.org,48,7413589269
Jason Love,knoxtrevor@example.net,54,7254381383
Miss Sandra Rocha MD,cameron22@example.com,78,7168496465
Anthony Johnston,jason21@example.org,62,7138903713
Charles Williams,msellers@example.net,39,7096505574
Alexis Martinez,scastro@example.org,56,7038349486
Amber Williams,matthewbrown@example.com,70,7005005056
David Rodriguez,amy40@example.net,38,6915902309
Joshua Williams,emilydavidson@example.net,54,6349614087
Katelyn Crawford,michael49@example.com,40,6342085870
Terry Austin,mollydrake@example.net,28,6173874378
Jay Huynh,jonesalexander@example.org,55,6136491391
Sheila Thomas,rrichardson@example.net,71,6053387013
Beverly Patel,wattsdarlene@example.com,78,5995445513
Garrett Oneal,alyssa24@example.org,28,5869221987
Jeffery Rodriguez,qbailey@example.com,74,5758814737
Christopher Ross,jacqueline19@example.org,46,5597049170
Cheryl Young,angela19@example.com,78,5585759980
Bryan Ray,victor10@example.org,55,5579437409
Melissa Miller,julie77@example.com,35,5404423260
Ashley Howell,wooddavid@example.org,79,5397334326
Erik Rodriguez,zavalasteven@example.net,50,5383318137
Alexandra Wells,maryfoster@example.org,67,5375214386
Ryan Carroll,drhodes@example.com,65,5287505826
Timothy Wilcox,raven41@example.net,76,5229005183
Melissa Jimenez,edwinblackwell@example.org,50,5189879734
Diana Thomas DDS,qwilkins@example.org,47,5163026636
Christopher Clay,holtsusan@example.net,27,4963189967
William Wyatt,chelseareeves@example.net,73,4759870907
Sherri Frank,richard74@example.net,75,4743151336
Seth Erickson,shannonwillie@example.org,44,4667020990
Anthony Gomez,wwest@example.org,60,4568379779
Yolanda Smith,flong@example.org,69,4369703531
Aaron Santiago,beckerjoseph@example.org,28,4364137317
Ryan Camacho,deborah20@example.net,30,4363323558
Edward Calhoun,kirbyjennifer@example.net,49,4323241543
James Calhoun,richardparrish@example.net,21,4257418275
Diane Novak,ojones@example.org,42,4077821164
Ryan Collins,fharris@example.org,49,3584141502
Charles Meyer,johnsonjesse@example.org,76,3435827600
Patricia Davis,ellen91@example.com,26,3394689939
Angela Chambers,nicole05@example.net,31,3278162555
Martin Wilson,conradnicholas@example.net,48,3214807739
Kim Paul,mayerannette@example.com,39,3172878177
Sandra Rivers,rodgerskevin@example.org,40,3053074925
Bradley Wolfe,calvinreynolds@example.org,32,3035569223
John Ramirez,fpacheco@example.net,50,2969549744
Dillon Sullivan,phillipskara@example.net,24,2959464944
John Villanueva,patricia46@example.com,77,2903905376
Kevin Vance,brandon42@example.com,77,2813777946
Amy Wagner,justin05@example.org,31,2758253240
Valerie Porter,jamesolsen@example.net,48,2663478226
Jerry Davis,montgomeryteresa@example.com,22,2534339816
Tracy Allen,jessica85@example.org,29,2443733088
Vincent Lowery,whitederrick@example.com,60,2132893978
Julie Wilson,daniel68@example.org,32,2027966916
Ann Donaldson,ahowe@example.net,53,2013862510
Michael Reese,justin20@example.net,41,9996569593
Maria Miller,linthomas@example.net,69,9994351687
Peter Mann,valeriegarcia@example.net,24,9976452677
Anthony Stephenson,bjones@example.net,77,9957848058
Robert Harper,xortega@example.org,51,9949966079
Gregory Snyder,rileydarren@example.org,41,9939097792
Meredith Alvarez,monica48@example.org,66,9936759934
Mercedes Cook,jason85@example.com,77,9933714906
Donna Robinson,jeffreyjohnson@example.net,36,9925812784
James Hoffman,crystal01@example.com,71,9917637647
David Lopez,gallegoskevin@example.com,48,9902722773
Penny Stewart,catherinetanner@example.com,20,9899768583
Nicole Robinson,jonesjessica@example.net,34,9879294935
Jennifer Shelton,greenadam@example.org,21,9863888143
Emily Smith,kellypeterson@example.org,71,9862712454
Jeremy Jensen,johnchristensen@example.org,61,9849240846
Danielle Lee,yperry@example.org,18,9837397407
Courtney Yates,torreselizabeth@example.net,21,9815553447
Dr. Cameron Peters,juliemiller@example.com,65,9807386364
Holly Benson,deborahlong@example.com,40,9798434102
Matthew Anderson,jimenezbrandy@example.com,33,9793673808
Tyler Burton,jeffrey13@example.net,56,9785668372
Kristin Ward,yhartman@example.org,45,9777496064
Ricardo Baker,bryce03@example.com,26,9759577216
Alison Butler,sandersanita@example.org,52,9759275962
Daniel Lane,campbellmichael@example.org,65,9757023422
Robert Dominguez,josephcarpenter@example.com,79,9752114821
Joe Anderson,hchurch@example.org,57,9728497431
Terri Shelton,umeyers@example.org,65,9728159633
Casey Benson,hernandeztracy@example.net,44,9714370021
Samantha Bates,melaniecook@example.com,18,9707722373
Derek Krueger,kimberly14@example.net,29,9707538290
James Green,qcarter@example.net,34,9706208822
Clifford Parker,johnford@example.org,49,9704493421
David Simpson,lauren18@example.com,52,9702679855
Michael Stephens,smartinez@example.com,50,9699050033
Andrew Paul,hrichards@example.net,33,9683793620
Jennifer Robles,samanthataylor@example.com,23,9676748287
Katie Smith,daniel70@example.com,32,9664889931
Wyatt Johnson,hflores@example.net,22,9663860243
Frank Rice,yevans@example.com,26,9663466615
Alyssa Carroll,cruzangela@example.com,59,9658233645
Gina Martin,sullivanchristopher@example.org,36,9643522528
Tina Mckenzie,orose@example.com,39,9626321656
James Clarke,andersondaniel@example.net,63,9624551363
Alisha Owens,xshepherd@example.net,19,9616515117
Sara Kane,lindsaywatson@example.org,67,9615463101
Mandy Proctor,ronaldcunningham@example.com,31,9604461235
Autumn Lewis,pwhite@example.org,61,9588249050
Ricky Hill,fmoreno@example.net,50,9577286571
Connie Gibson,pthomas@example.org,70,9572230745
Tony Brewer,kyle07@example.org,75,9569476477
Jamie Wright,montesangela@example.org,71,9566624968
Chad Hoffman,jenniferdelgado@example.com,67,9562063836
Robert Morton,victoriamullen@example.net,54,9543230731
Rhonda Coleman,sclark@example.org,55,9536172231
Brian Decker,ghall@example.com,80,9518354690
Samantha Miller,james74@example.org,23,9509448940
Sara Simpson,rjones@example.com,55,9508074139
Angela Ortiz,joneseric@example.net,63,9505599907
Raymond Daniels,gmartin@example.org,53,9498566657
Ashley Moore,jillmyers@example.org,74,9492285662
Raymond Wilson,tyler74@example.net,39,9488377587
Krystal Edwards,mitchellfrank@example.org,71,9482542325
Alexander Williams,masoncathy@example.net,56,9466104585
Anthony Williams,schang@example.net,44,9455269463
Kelsey Brock,elijahwells@example.net,35,9455139874
Patricia Wilson,bpaul@example.net,40,9432399894
Marie Martinez,ballardsabrina@example.com,26,9422467063
Nicholas Thompson,yolandasaunders@example.org,43,9422010849
Charles Ramsey,christophermcguire@example.com,41,9417913622
Joshua Thomas,aprice@example.net,78,9413003458
Glenn Pace,jennifer06@example.com,21,9412867976
Tina Costa,arthurmartinez@example.net,26,9394107809
Rebecca Macias,danielle21@example.com,50,9382095810
Roberta Costa,carlos65@example.org,47,9373292413
Christopher Flores,ashley31@example.net,78,9372828754
Joseph Brown,sroy@example.org,29,9368652961
Marisa Hunter,jennifer14@example.net,80,9357886118
Rhonda Smith,yhansen@example.net,50,9356299413
Leon Delacruz,christophergarza@example.org,65,9348622561
Heather Jones,eharper@example.net,72,9315536417
Melissa Moran,wrightkim@example.com,72,9308694177
Desiree Hancock,robert96@example.net,37,9299976752
James Brooks,ashleyfoster@example.com,63,9289722433
Theodore Conley,gina58@example.net,38,9286455728
Austin Walters,christopher86@example.com,54,9284992177
Mark Fuller,lindseyosborne@example.net,55,9284622448
Hector Holder,joycemaria@example.com,29,9278316989
Rebecca Chambers,gonzalezlinda@example.org,25,9276480184
Heather Morales,alyssagonzales@example.com,78,9264127201
Mrs. Brandi Miller,ksellers@example.com,73,9263628723
Robert Carlson,vwarner@example.org,79,9262521887
Daisy Long,ksandoval@example.org,37,9248898049
Mark Shelton,cward@example.net,68,9244519377
Pamela Gordon MD,gary67@example.net,36,9242326052
Garrett Deleon,dsparks@example.org,30,9232264100
Lisa Williams,shieldsjesse@example.org,47,9222053094
Rhonda Gonzalez,andreafinley@example.net,18,9208312091
Russell Gonzalez,daisyryan@example.net,51,9187161064
Julie Ray,michael60@example.net,43,9185112760
Melanie Shepherd,ttorres@example.org,49,9183961493
Kevin Irwin,camachomichael@example.net,70,9182713726
Adam Campbell,ewatson@example.net,39,9147293428
Michael Mullen,eric13@example.com,73,9138799839
Lindsay Shields,bhernandez@example.net,36,9109432119
Keith Jones,burnsmichael@example.com,64,9106482826
John Reeves,masondarryl@example.org,74,9097438119
Mrs. Kelly Cole,dominique87@example.com,58,9076401573
Shawn Friedman,sydney90@example.net,29,9059966186
Teresa Burton,craigsamuel@example.com,47,9024880168
David Sampson,woodspeter@example.com,73,9009810867
Catherine Jones,vincent71@example.com,25,9009275745
Valerie Kerr,sarah13@example.net,50,8998546851
Timothy Martinez,newmanashley@example.org,61,8982578975
Christopher Williams,blairkimberly@example.net,66,8979600398
Whitney Johnson,johnsonjennifer@example.net,24,8976407877
Jeffrey Anderson,adamskathryn@example.net,74,8973932631
Martha Sanford,zwhite@example.com,28,8928079860
Ashley Taylor,ryan50@example.org,69,8919016666
Mrs. Pamela Shepard,dillondavid@example.org,23,8917746082
Gina Owens,riveradanny@example.com,41,8916490968
Brian Hood,sarahlee@example.org,18,8908978232
Jennifer Barrera,pjimenez@example.net,63,8895301465
Amy Bell,zpeterson@example.com,23,8889066314
Robin Stephens,julian84@example.com,73,8879185373
Anna Shields,richardbender@example.org,52,8876398798
David Davis,websterkatie@example.org,45,8869719919
Charles Brewer,jasonleon@example.org,63,8856372344
Zachary Dean,iburns@example.com,44,8826043187
Jennifer Scott,zamoraadam@example.com,67,8822206793
Steven Jackson,sarahgreer@example.net,35,8819454879
Patrick Richardson,colemannicholas@example.org,65,8816983205
Kenneth Lucero DVM,mcgeenicole@example.net,67,8796786173
Stephanie Waters,millercharlotte@example.org,68,8787173759
Elizabeth Allison,victoria83@example.org,52,8787085448
Charles Frey,msanchez@example.net,32,8786466528
Scott Terry,tmoreno@example.org,18,8786126487
Melinda Medina,nicholasguerra@example.org,76,8785087933
Andrea Jacobs,kgarrett@example.org,40,8779577372
Douglas Rice,krista72@example.com,50,8743568165
Steven Ochoa,caldwellcameron@example.com,22,8716703780
Stephanie Rosales,cassandralee@example.com,58,8702630870
Peter Turner,jordanstephanie@example.net,73,8694666619
Katrina Walton,dayherbert@example.com,38,8686854718
Jerry Rogers,tiffany44@example.net,66,8674203253
Leslie Lawson,nelsonlisa@example.org,18,8659232885
Joseph Bowers,smitheric@example.org,72,8634257328
Angela Nelson,vfoster@example.org,43,8625300880
James Owens,kyoung@example.com,26,8598503694
Nicole Copeland,markgarcia@example.org,27,8596630884
Amanda Moore,mshields@example.org,44,8595988742
John Wilson,tonyblankenship@example.org,69,8594198075
David Brown,gary94@example.com,45,8583898026
Brianna Gonzalez,ashleylopez@example.net,73,8555279183
Sarah Todd,jenniferaustin@example.com,78,8555028826
Nichole Porter,laurendiaz@example.net,59,8542939841
Frederick Robinson,katrina78@example.net,43,8536621809
Tracy Rosales,lowemark@example.org,73,8525086236
Stephanie Mcintosh,dwebb@example.org,47,8524073821
Stephanie Lyons,perezchelsea@example.com,64,8514029522
Crystal Davis,deborah60@example.org,29,8513885061
Steven Mejia,daniel90@example.org,75,8512189061
Valerie Ross,amandaedwards@example.com,67,8496342354
Stephen Dudley,deanna11@example.org,71,8496325589
Shelley Ochoa,russell02@example.com,19,8489189630
Matthew Allen,williamdavis@example.net,54,8485721286
Margaret Jimenez,abauer@example.org,25,8475967096
Nicholas Taylor,charles92@example.org,51,8462769814
Joseph Brown,ilawson@example.net,50,8456983820
Brianna Braun,christophercarter@example.org,45,8448117027
Karen Sullivan,phernandez@example.org,43,8443102188
Kim Blake,suzannereed@example.com,60,8433223396
Katherine Molina,fcastro@example.net,72,8432212800
Rachel Thomas,anthonyriddle@example.net,68,8427449852
Susan Johnson,qeverett@example.com,36,8417777806
Diane Smith,david02@example.org,77,8399263249
Michelle Fields,jennifer98@example.net,20,8384164369
Yvonne Tucker,carolynsnyder@example.net,78,8373499759
Carlos Thomas,pbush@example.net,22,8365912687
Paul Mitchell,benjaminmoore@example.net,54,8362320405
Kelly Mccann,danahernandez@example.org,36,8345475571
Bonnie Marks,hutchinsonjohn@example.com,24,8329557814
Amy Acosta,etaylor@example.org,22,8327881810
Sarah Moreno,butlerlacey@example.net,54,8318311665
Lauren Stanley,cynthiapalmer@example.org,70,8289451779
Tara Burnett,rpatton@example.org,80,8257132639
Michelle Rodriguez,mary59@example.com,79,8254375507
Heidi Powers,udavis@example.net,79,8248041387
Kathy Preston,haleytravis@example.org,69,8239374789
Robert Hayes,denisezamora@example.com,26,8223817747
Dustin Pacheco,jchristensen@example.org,60,8217414623
Laura Bates,david64@example.com,41,8213284775
Joseph Kelly,kempmatthew@example.org,60,8209441549
Michael Saunders,stevensrobert@example.com,65,8208517207
Joseph Harris,tonyreeves@example.com,57,8178448632
Roy Robinson,qduarte@example.net,68,8168736135
Sophia Stevens,franklinmichael@example.org,63,8164856515
Wendy Francis,wallacegregory@example.net,72,8139403654
John Foster,cynthiastevens@example.com,46,8137505242
Joseph York,richarddavis@example.com,35,8136198697
Chad Reynolds,danielcohen@example.net,39,8133186253
John Davis,william54@example.org,46,8124146653
Tracy Duncan,jonathan95@example.net,32,8116688270
Angela Leonard,joeruiz@example.net,50,8109709817
Mark Webb,mvalencia@example.net,50,8109235454
Robert Flowers,amy69@example.net,45,8107261150
Justin Schmidt,raymondedward@example.com,42,8106791165
Jessica Fleming,randylynch@example.net,20,8105632454
Richard Rodriguez,amber48@example.com,38,8089786382
Jacob Aguirre,krystalreed@example.com,42,8047780292
Eric Garza,elizabeth35@example.net,29,8029971139
Timothy Holmes,matthewmanning@example.com,31,8027043597
Gregory Delgado,dlambert@example.org,74,7998326795
Rachel Krause,jasonwilliams@example.net,68,7955736424
Tricia Gould,natalie88@example.com,49,7942744294
Danielle Alexander,david75@example.org,78,7937022466
Ryan Nelson,wallacejessica@example.net,44,7929365917
James Cox,dominiquekaiser@example.com,21,7928214307
Erica Porter,reyesangela@example.net,21,7925862826
Christopher Allen,keithmoore@example.org,57,7923201961
Shirley Cook,wblack@example.org,48,7914699116
Tiffany Ellis,lawrence02@example.com,41,7904235849
Omar Gonzales,michael61@example.com,45,7892921203
Rebecca Turner,qrobertson@example.com,60,7883637765
Brittany Moon,jasminerichardson@example.org,23,7868664242
Gina Cole,tlong@example.org,42,7868650726
Phillip Lewis,cblackwell@example.org,68,7867141854
Christina Saunders,josephmorris@example.net,18,7866292325
Edwin Watkins,kwright@example.org,77,7862517206
Maria Henderson,dpierce@example.com,23,7843646899
David Reese,shaley@example.org,80,7839927464
Mrs. Lisa Hill MD,thernandez@example.org,42,7838998324
Kimberly Stewart,hardinallison@example.org,57,7838887573
Craig Waters,cody05@example.org,64,7826914586
Annette Hughes,richard89@example.net,73,7824332950
Lisa Moore,sstewart@example.org,80,7817671406
Natasha Valentine,smithjuan@example.com,77,7817427557
Keith Moore,victormorgan@example.com,38,7813595830
Roger Sanchez,munozjulie@example.com,63,7813075296
William Warner,sarah66@example.net,18,7784492920
Nicholas Mejia,jeffrey61@example.org,71,7782752818
Lauren Miller,stephaniesexton@example.org,55,7776775873
Ryan Rogers,ujohnson@example.net,67,7764600062
Bobby Wilson,imoore@example.net,38,7756884308
Ryan Zimmerman,millersean@example.org,50,7738438829
Kenneth Palmer,regina77@example.com,44,7736083803
Sarah Flowers,lauren91@example.com,35,7727667763
Whitney Walsh,sreed@example.org,36,7725722874
Tanya Brown,danielsalexis@example.com,63,7717798577
Ashley Campbell,davidescobar@example.com,64,7717706669
Patricia Austin,annathornton@example.com,45,7717332307
Matthew Ward,andrewwalker@example.com,37,7714510602
Kimberly Dickerson,hollowaychristina@example.net,79,7697357202
Traci Martinez,angelprince@example.com,71,7694598980
Gary Barry,veronicadelacruz@example.com,63,7689329259
Jason Knight,ysampson@example.com,37,7674366159
Veronica Miranda,ktapia@example.com,73,7668989352
Michelle Collins,staceydavis@example.net,52,7645236528
Joann Duarte,jasonvargas@example.com,58,7642497838
Pamela Barnes,barnettmelissa@example.net,62,7637565116
Megan Hernandez,kevingardner@example.net,59,7633607304
Michelle Perez,spencesteven@example.com,44,7622931799
Neil Ross,thompsonnatalie@example.net,70,7607261759
Shannon Sparks,qrodriguez@example.net,70,7605194538
Ryan Dunn,cody45@example.org,36,7602049465
Jamie Arias,shelbygomez@example.com,67,7598478932
Michelle Parker,holtalexander@example.net,61,7589351857
Deborah Parker,tylerburns@example.org,74,7584613642
Sheila Turner,figueroakelly@example.org,62,7583646833
Nicole Rivera,riveratracy@example.net,69,7569506904
Christian Robbins,armstrongjames@example.net,59,7568816584
Manuel Delgado,richard30@example.com,50,7563745014
Michael Garza,jessicawhite@example.net,74,7546634665
Deborah Marshall,ebrandt@example.com,58,7543529867
Robert Martinez,lauren90@example.com,30,7543357419
Susan Thompson,christine59@example.net,59,7518321410
Phyllis Holloway MD,christopherholmes@example.net,62,7514730335
Thomas Garcia,erica21@example.org,48,7512447140
Peter Rosario,rachelsanchez@example.org,42,7505932511
Teresa Cross,nbruce@example.org,43,7502161027
Jenny Keller,laurie76@example.com,79,7496044689
Heather West,kiara87@example.net,53,7492304953
Anthony Stevens,alexisyoung@example.org,30,7469061033
Jennifer Harrison,ualvarado@example.com,52,7455249424
Jared Jones,bduffy@example.net,19,7453315104
Nathan Ray,williamsjoyce@example.org,58,7439310689
Matthew Silva,amckinney@example.org,39,7433868525
Warren Tran,pnorman@example.com,65,7428082007
Ryan Valdez,jsantos@example.org,51,7425043601
Austin Oconnell,umoreno@example.com,44,7405915959
Edward Alvarado,jacob25@example.com,28,7404959862
Michael Jones,wdaniels@example.net,46,7404793323
Kevin Johnson,alexandertracey@example.net,44,7399584696
Andrew Melton,nathansimpson@example.org,59,7397964361
Ralph Cherry,andersonstephanie@example.org,80,7388962200
Eric Perez,dadams@example.net,67,7362009934
James Guzman,robertwright@example.net,35,7355820227
Leonard Sparks,rebecca14@example.org,49,7323148226
Bonnie Mcclain,zbarton@example.com,58,7318430230
Michael Carter,dunlapjohn@example.com,70,7316248194
Christopher Gomez,wrightlacey@example.org,51,7314032985
Elizabeth Rodriguez,wesley59@example.net,69,7312645275
Joshua Chapman,harperrebecca@example.com,44,7312198060
Alex Boyer,steven30@example.org,65,7309810566
Paul Lee,tammyharvey@example.org,33,7309803957
Amanda Hayden,jacksonjoseph@example.net,35,7309663280
Blake Glenn,james19@example.net,43,7302092629
Lauren Skinner,julie73@example.com,44,7299613534
Shane Torres,eric16@example.com,40,7298035097
Alexis Summers,lopeztaylor@example.net,32,7293108706
Emily Alexander,charlesbradley@example.org,47,7277113489
Carol Medina,uyoung@example.com,25,7269303859
Christopher Vargas,emarshall@example.net,39,7258043820
Samantha Cox,josearroyo@example.net,20,7246691605
Brenda Porter,pottercatherine@example.org,32,7234751842
Mark Howard,gina61@example.org,27,7222865451
Sheri Villegas,sbishop@example.net,34,7216827651
Kathryn Jones,georgeblake@example.net,23,7215143289
Kristina Mills,martinluis@example.org,69,7214653284
Gabriel Reed,crawfordsydney@example.com,42,7198213166
Brittany Hawkins,yudebra@example.net,25,7189331855
Molly Martin,valvarez@example.com,28,7174785325
Deborah Murphy,tnunez@example.com,49,7173563630
Lori Schwartz,carol63@example.com,26,7163315028
William King,adamscharles@example.com,75,7162336687
Teresa Elliott,jamescruz@example.org,31,7157151094
Paul Espinoza,hrodriguez@example.com,80,7155150359
Matthew Bowers,justin84@example.net,76,7146212936
Michael Taylor IV,timothy54@example.com,26,7146126660
Kristen Hall,qwilliams@example.com,40,7124390304
Carla Vazquez,codycummings@example.net,63,7115455318
Leonard Brewer,caseamy@example.org,23,7108486732
Mackenzie Carter,rosalesjoshua@example.org,72,7108056455
Laura Brown,garciakevin@example.net,74,7102858053
Douglas Williams,michellemiller@example.net,19,7078319836
Darlene Berger,paigeparrish@example.com,54,7077331439
Alexis Ballard,ihenderson@example.net,50,7075963382
Mr. Jordan Fox Jr.,rachelmartinez@example.org,58,7063287276
Kristen Clay,obuchanan@example.org,44,7057477667
Michael Hawkins,normanwaters@example.net,78,7055540275
Tina Park,alyssajones@example.net,44,7053675436
Jennifer Porter,kristenhickman@example.org,63,7047021152
Jordan Turner,olivia58@example.org,71,7044712254
David Collins,shanedavis@example.org,49,7043898176
Sean Davis,westkimberly@example.com,51,7043493515
Pamela Copeland,cindyorr@example.net,48,7043279209
Shawn Ryan,alexanderpatterson@example.com,49,7038662411
Jenna Elliott,hvaldez@example.org,45,7037984427
Steven Thomas,denise03@example.com,26,7032073119
Travis Evans,davidchandler@example.net,70,7026702206
Robert Valenzuela,nicole50@example.net,73,7023066991
Yolanda Williams,heathernielsen@example.net,72,7019921306
Susan Hall,ryan07@example.net,21,7019594636
Julie Daniels,patricia16@example.net,27,7015662879
Kathy Hansen,reevesjoshua@example.com,30,7007232172
Stephanie Garcia,anthony05@example.org,54,6999372139
Brenda Parker,briannelson@example.net,73,6989654379
Micheal Jones,lee93@example.net,25,6979391871
Christian Stevens,mitchellcarlos@example.com,18,6978228484
Tracie Murphy,vangmichael@example.org,52,6969100585
Amanda Glass,pamelamoore@example.com,46,6962210427
Jennifer Rodriguez,ogray@example.org,62,6962204836
Katie Smith,hstevenson@example.com,57,6954516302
Michael Jimenez,justinpatterson@example.com,41,6925574097
Dr. Daniel Anderson,timothy66@example.org,19,6925416116
Jonathan Huber,bensonpeter@example.net,61,6898086926
Sean Khan,andrewchen@example.com,55,6893542870
Teresa Munoz,ramirezpatricia@example.net,70,6886337200
Jamie Montgomery,angelamonroe@example.org,22,6882934557
Amanda Anthony,dustinraymond@example.org,45,6874520856
Jay Mills,keithjones@example.net,57,6874046235
Joshua Mullen,david80@example.org,63,6872575188
Daniel Taylor,christopher83@example.com,74,6858119275
Brian Melendez,anneyu@example.com,22,6857466849
Lisa Brown,itaylor@example.net,51,6846628743
Jessica Martin,todd08@example.net,51,6844563852
Brittney Williams,goldenvictoria@example.net,46,6839340307
Brenda Collins,susanmaynard@example.com,74,6826307449
Michelle Martinez,banksmaria@example.com,35,6814524993
Angela Mclean,shawnarnold@example.org,71,6809484873
Angela Bryant,camposbarbara@example.com,76,6807156082
Jesus Miller,doughertyandrew@example.com,80,6793151744
Jesus Sanchez,sherricobb@example.org,38,6778525350
Andrea Barnes,isabella46@example.org,26,6759370520
Todd Walls,alvarezbobby@example.org,67,6759109287
Justin Ruiz,fterry@example.org,66,6755594201
Alexis Clark DVM,vanessabruce@example.org,28,6749659057
Felicia Randall MD,gbrown@example.org,21,6744755422
Suzanne Roberts,clarkbrandy@example.com,58,6738602443
Jack Brock,fspencer@example.com,66,6729497068
Jack Maddox,johnwilliams@example.org,42,6699498812
Mark Bailey,edavies@example.com,35,6688771018
Ashley Gutierrez,scott51@example.org,39,6687984873
Wendy Hansen,westanthony@example.com,29,6687204456
Johnny Bates,briansmith@example.com,24,6687191736
Aaron Lawrence,smithjohn@example.org,75,6685306265
Victoria Oneal,zknox@example.net,18,6683453162
Anne Wood,nicole42@example.net,68,6653618503
Samantha Wilson,gfleming@example.net,55,6652722283
Jill Gonzalez,brian19@example.com,45,6652221785
Kristen Clark,marissaanderson@example.com,50,6646161134
Stephen Freeman,ibishop@example.org,27,6628488015
Amy Andrews,thorn@example.com,47,6627483638
Victoria Obrien,stacy15@example.com,69,6618890920
Jennifer Walker,deborah16@example.org,44,6617132813
Adam Donaldson,loganjimenez@example.org,18,6612063280
Derrick White,inelson@example.net,73,6602513097
Brian Herman,smithsean@example.org,71,6595261119
Timothy Gonzalez,stephanie41@example.com,75,6588529968
Steven Green,ogriffin@example.com,31,6565678154
Erin Smith,joneschelsea@example.com,56,6563798405
Heather Bennett,bjennings@example.net,68,6538660725
Abigail Graham,jconner@example.org,65,6536421736
Robin Gutierrez,jackanderson@example.org,41,6536191273
Brianna Rogers,udaniel@example.net,33,6534635567
Stephanie Wells,christopher29@example.org,28,6516974560
Ronald Miles,vickiejackson@example.com,23,6493607713
Anthony Vega,cwilson@example.org,55,6467858996
Betty Thomas,bbrown@example.net,48,6463541374
David Carlson,johnsondanielle@example.net,69,6462937297
Alison Phillips,maria66@example.net,66,6462316271
Anita Harris,lhowell@example.org,27,6449993253
Daniel Wong,vphillips@example.net,27,6443363939
Sandra Houston,pnguyen@example.com,25,6433162145
Christopher Jordan,kendrahartman@example.net,37,6429247380
Nicholas Walker,brian42@example.com,75,6397325495
Linda Mcdaniel,daleolsen@example.org,79,6368150683
David Morris,pfrancis@example.com,70,6366455309
Diane Cross,david96@example.org,28,6359570805
Scott Zimmerman,huntbrian@example.org,21,6337107255
Amanda Meyer,pruiz@example.com,20,6327723681
Karen Smith DDS,ericksondanielle@example.com,54,6325418944
Paul Lynch,akerr@example.org,52,6315397030
Timothy Gutierrez,brandonwebb@example.org,63,6304313765
Mary Nguyen,garrettkline@example.com,36,6294151137
Brandon Kelly,joseph50@example.com,78,6279165172
Jordan Norton,santoskristie@example.net,39,6265404339
Leah Marquez,amandawilson@example.net,69,6264245084
Joanne Kemp,watsonmary@example.org,78,6257723738
Jason Curtis,pattersonrandy@example.com,79,6257081764
Vanessa Carpenter,brandon76@example.com,30,6249162467
Mrs. Victoria Ayala,anthonyrodriguez@example.net,49,6243940832
Jennifer Reed,ogriffin@example.org,48,6233990846
Elizabeth Kennedy,deankaren@example.org,36,6224076797
Blake Rich,michaelbrown@example.org,71,6209527486
Melissa Guerra,deborah78@example.org,70,6207996180
Jeffrey Petersen,robinsonsean@example.net,48,6173033582
Kevin Ortiz,chapmanjuan@example.net,41,6172973506
Anita Ramsey,angelica48@example.org,40,6168943581
Norman Powell,walkertyler@example.net,79,6163453021
Stephanie Schmitt MD,kayla83@example.net,75,6163323317
Devin Clark,knightleslie@example.com,70,6162317849
John Ross,morsewilliam@example.net,45,6157838667
Karen Davis,josewilliamson@example.com,62,6144979483
Rachael Lang,jenny37@example.net,69,6135162382
Amy Williams,jonesregina@example.com,21,6132096554
Brian Martin,jessica28@example.com,30,6113595430
Erica Moore,freyamy@example.com,29,6105896084
Dana Haas,taylor26@example.com,61,6093878672
Brian Taylor DDS,angela86@example.net,66,6078096061
Shawn Jones,michaelsolomon@example.net,80,6062887023
Richard Norman,christinasmith@example.com,50,6037972840
Wendy Gregory,joseph29@example.com,48,6026887865
Patrick Acevedo,clarkannette@example.org,62,6018365953
Bryan Lopez,brianvasquez@example.net,18,6007043607
Jason Martinez,colleenrobinson@example.com,59,5998524699
Jennifer Clarke,jmartin@example.com,63,5994018338
Robert Schultz,jason72@example.org,22,5976330566
Jasmine Phillips,vjohnson@example.net,59,5975437406
Ariana Hale,kaitlyn08@example.com,39,5975218694
Matthew Gutierrez,jacquelineleblanc@example.com,56,5973758350
Victoria Gutierrez,justinbond@example.org,27,5969362153
Benjamin Cook,nfritz@example.com,45,5965779443
Julie Guerra,ericjimenez@example.net,62,5958645405
Tiffany Edwards,peggy65@example.com,40,5949674405
Carol Clark,juan95@example.net,49,5946359104
Kristen Davis,eanderson@example.net,29,5914428876
Jennifer Lang,tsmith@example.com,55,5907265199
Lisa Bradshaw,rebeccasaunders@example.com,70,5889580937
Christina Thomas,davidmontes@example.org,54,5856018114
Stephen Chambers,stewartmichael@example.net,62,5855541706
Anthony Fox MD,dustin90@example.org,22,5835316183
Robert Perez,williamcopeland@example.org,41,5833239073
Brian Li,millerrobert@example.net,55,5814045561
Paul Baker,michaelsmith@example.org,60,5813115191
Carlos Smith,corey45@example.com,48,5812892567
Crystal Prince,matthewcox@example.com,43,5812066079
Kathleen Hamilton,ali@example.org,80,5802379352
Jeffery Ellis,leviolson@example.com,69,5799561970
Kimberly Lopez,ljackson@example.org,73,5797489891
Tiffany Johnson,hgriffin@example.com,60,5795777359
Lori Mcintyre,ralexander@example.com,56,5794579163
Teresa Parks,douglas76@example.org,43,5789804516
Brenda Erickson,michael80@example.com,74,5777311647
Angela Wright,baldwindenise@example.net,67,5775939174
Kimberly Guerrero,justinsmith@example.com,35,5756600735
Heather Jackson,patricia13@example.com,77,5744666937
George Jimenez,justin42@example.net,34,5743825894
Joseph Mccormick,etaylor@example.net,37,5743488392
Tina Steele,orranthony@example.net,25,5742429873
Mary Ryan,williammathews@example.org,61,5736804425
Riley Brown,durankatie@example.com,40,5716334905
Aaron Benson,tconley@example.net,67,5714903369
Mary Miller,angelamoore@example.org,80,5695389594
Tracy Davis,ebanks@example.net,21,5688083310
Paul Dean,vlara@example.net,44,5687860248
Gabriel Robinson,gloriacalderon@example.org,76,5675169316
Susan Riley,jacob07@example.com,40,5669573790
Katie Price,spencebailey@example.org,22,5668106985
Denise Allen,danieljones@example.org,32,5659421634
Francisco Rios,bryanvelazquez@example.net,29,5654042098
Victoria Patel,trankelly@example.com,57,5652256423
Amber Orr,christopher25@example.net,68,5609876054
Michael Johnson,jameslaurie@example.net,47,5597735485
Dawn Fleming,gcastaneda@example.org,74,5595103214
Erin Bennett,thomas31@example.org,60,5592897567
Christopher Smith,klewis@example.net,53,5588547406
Natalie Johnson,xpaul@example.com,32,5582244247
Nicholas Colon,mjones@example.com,78,5567556403
Alejandra Walton,karendiaz@example.com,76,5543505939
Matthew Martin,michaelcole@example.org,42,5533525893
Jose Rivera,melissasingh@example.net,18,5526368185
Kristen Nguyen,stephanie40@example.com,31,5518912953
Ashley Wade,nrobinson@example.net,32,5513381966
Jeremy Strong,pgarcia@example.org,24,5504956210
Rebecca Garcia MD,jbonilla@example.com,51,5502799496
Marcus Larson,nparsons@example.net,20,5499961364
Janet Wood,wjenkins@example.org,66,5498386556
Andrew Elliott,tabitha95@example.com,24,5482660203
Kristy Nichols,vargaslouis@example.org,70,5479263141
George Kennedy,ifisher@example.org,66,5477300516
Justin Walsh,polson@example.org,74,5466068413
Karen Johnson,megan14@example.com,69,5463538501
Tracy Moreno,kaitlin12@example.net,44,5456788119
Jessica Chase,torresangela@example.org,56,5454030653
Mary King,dawn71@example.net,74,5447149760
Shelly Wilson,peterconner@example.org,43,5443685589
Allen Rollins,ericortega@example.org,73,5435098726
Mario Ramos,julie25@example.org,39,5432034834
Thomas Kerr,markyoung@example.com,24,5419944578
Amy Richards,dianebrooks@example.net,58,5419267503
Samantha Mccormick,vanessawilliams@example.org,45,5417717106
Barry Cunningham,lorigonzalez@example.com,62,5415565422
Victoria Pena,simpsonbenjamin@example.net,58,5414962094
Richard Rice,tyler16@example.com,19,5409983017
Patrick Rodriguez,csantos@example.net,66,5406592609
Vincent Santiago,doconnor@example.net,53,5404420072
Linda Morgan,fgordon@example.net,33,5403100901
Bridget Porter,eholt@example.org,66,5373982978
Melissa Lambert,mccluresteven@example.com,46,5352672785
John Evans,gbutler@example.net,22,5345174682
Zachary Owen,robinsonrichard@example.org,73,5343577295
Craig Lynch,davidyork@example.net,46,5342264210
Jillian Ortiz,ismith@example.com,40,5333290576
Marissa Bailey,john15@example.org,74,5326540560
Ashlee Anderson,pricealexis@example.org,72,5312563987
Katelyn Taylor,riceashley@example.com,19,5307349705
Carol Potter,hjohnson@example.com,47,5306764845
Lori Martin,odonnellcaroline@example.net,48,5295280572
Joshua Ferguson,bettyfinley@example.org,18,5287845646
Lauren Stafford,deborah76@example.com,40,5283828999
Mary Garner MD,david36@example.net,49,5277774627
Alexa Reyes,yrodriguez@example.com,65,5267582068
Shawn Espinoza,morgandawn@example.com,80,5266050441
Justin Vargas,malexander@example.net,70,5253083199
Adam Gutierrez,wmiller@example.com,53,5244250726
Megan Chapman,todd64@example.org,79,5238643317
Lisa Richardson,melissa25@example.com,63,5237682416
Linda Gibson,arthur87@example.com,66,5237554142
Kevin Smith,iswanson@example.com,53,5225268988
Crystal Robinson,gregoryflores@example.org,44,5223965963
Benjamin Snyder,ysanchez@example.com,43,5208231217
John Wright,stephenchapman@example.org,59,5202262854
Justin Perez,morrisdaniel@example.com,36,5186344954
Brian Cain,michael65@example.com,51,5182029866
Jamie Stewart,bwatson@example.net,42,5158189271
Angel Phillips,gailfranco@example.org,49,5156937097
Kristy Jones,cynthia24@example.org,24,5137544286
Joshua Le,ryan52@example.com,77,5104316337
Jacob Swanson,egonzalez@example.org,68,5098700291
David Hart,meyermelissa@example.com,69,5092893598
Alicia Lewis,lawrencerussell@example.com,46,5092305503
Kimberly Collins,qgarrett@example.org,55,5082417227
Richard Pratt,ijenkins@example.org,80,5069080393
Ethan Navarro,bcollins@example.net,40,5067725998
Heather Casey,jacob45@example.com,39,5059538446
Brian Hanson,collinsjennifer@example.com,63,5046760579
Kristin Coleman,xadams@example.org,58,5036569873
David Swanson,leemaria@example.net,80,5034207253
Jacob Valencia,coopertyler@example.org,18,5026645932
Lori Erickson,caldwellheidi@example.net,67,5026080051
Carmen Stone,ymerritt@example.org,51,4998176074
Susan Bradshaw,xwallace@example.com,27,4997496518
Michael Evans,abigail48@example.org,54,4992163977
Kim Harris,xthompson@example.org,62,4986259350
Brad Lewis,zbyrd@example.com,42,4985109836
John Sawyer,terry07@example.net,67,4943531974
Michelle Williams,townsendshawn@example.net,68,4942327238
Shelby Ryan,rodriguezjamie@example.com,74,4917130979
Debra Dalton,frogers@example.com,67,4915603358
Charles Gonzalez,dylan04@example.com,46,4907802702
Hannah Taylor,crystal64@example.org,70,4869206754
Carolyn Fuller,elizabeth91@example.com,71,4846789352
Shawn Higgins,westlucas@example.org,66,4816088271
Theresa Williams DDS,amanda52@example.org,58,4803402886
Nicholas Jordan,lynchrenee@example.net,61,4787281664
Deborah Lopez,jenkinschristina@example.com,70,4787029646
Johnny Taylor,sean24@example.net,57,4776206472
Timothy Holmes,guzmandiana@example.org,39,4766405501
Kimberly Martinez,wsmith@example.net,33,4763513742
Brenda Singh DDS,milesalexander@example.com,47,4748317678
Justin Dixon,carol69@example.net,50,4747314111
Gary Woods,davismatthew@example.net,54,4733295484
David Perkins Jr.,santiagolaurie@example.org,28,4723900819
Steven Pearson,charlesgoodman@example.com,67,4675326610
John Gregory,ryan22@example.net,71,4669764400
Heather Lopez,wkelly@example.net,44,4653378777
Scott Cooley,utorres@example.org,44,4649961221
Melissa Montgomery,billy56@example.org,50,4632316916
Dennis Gardner,ashley43@example.org,46,4626936145
Peter Jones,sherylhayes@example.org,78,4626600378
Megan Garcia,reynoldssarah@example.org,80,4623065046
Amber Harvey DDS,sharon11@example.com,64,4616554358
Ashley Brown,walkerrebecca@example.com,47,4589136736
Lori Waters,jonesolivia@example.com,49,4565480140
John Higgins,davidmorgan@example.net,30,4558724549
Joshua Costa,kguerrero@example.net,43,4538306356
Tina Crawford,jackson10@example.com,61,4523606583
Colin Jenkins,gruiz@example.com,28,4522561401
Jessica Vang,wilsonbeth@example.org,70,4512522891
Kayla Leon,krausekatherine@example.com,75,4492489486
Jonathan Reed,davidwelch@example.org,25,4489978772
Robert Daniels,danielhowe@example.org,58,4488392742
Nicholas White,jeremywall@example.com,68,4488245901
Alexander Myers,dawn87@example.com,21,4485298612
Heather Miller,murrayderrick@example.net,27,4482019517
Amy Green,allenwilliam@example.net,48,4477206930
Cheryl Martin,andrewsdavid@example.com,78,4452943025
Beverly Hanna,dwells@example.com,61,4445054762
Deborah Quinn,brenda14@example.org,59,4444502552
Stephanie Jones,rebecca69@example.com,59,4438972548
Jason Rose,buckleyelizabeth@example.com,48,4438190465
Douglas Beard,gregprince@example.org,19,4406772470
Brady Reed,jlane@example.net,51,4406464847
Robert Moore,pjimenez@example.org,22,4405398351
Michael Cook,kathy92@example.net,40,4405116087
Juan Lopez,oherrera@example.org,24,4402416817
Kathryn Clark,wilsonwilliam@example.net,56,4388147934
Todd Brewer,rachelroberts@example.org,72,4378761042
Susan Martin,steinchristine@example.com,56,4375098063
Paul Newman,bryantrichard@example.com,31,4357315386
Ann Lawrence,burtoncharles@example.org,68,4342106119
Katie Madden,jessica18@example.org,59,4338915232
Katie Smith,rodriguezfrank@example.com,29,4334298535
Heather Mcmillan,pattonandrea@example.com,31,4326866784
Bethany King,tthomas@example.org,71,4318785189
Joshua Gonzales,jeffreymcgee@example.net,73,4288382038
Bradley Schultz,fishereric@example.org,43,4283662256
Maxwell Turner,stephenhoward@example.org,26,4277859405
Eduardo Stevens,rlopez@example.com,45,4274300303
Christopher Irwin,carlosfox@example.com,20,4267127699
Judy Figueroa,marquezchristopher@example.com,76,4258665453
Dennis Logan,hebertmegan@example.org,54,4254788305
Barbara Solis,tanya22@example.org,51,4254073390
Jessica Leach,lmiller@example.net,51,4248971512
James Lee,ejimenez@example.org,70,4234482883
Jose Anderson,stephanieochoa@example.org,18,4233134918
Olivia Moore,ravila@example.net,57,4213058349
Leslie Dunn,olsenalicia@example.net,32,4209626718
Reginald Mccoy,lopezbeth@example.org,76,4197177893
Robert Martinez,qrush@example.org,46,4187488241
Eric Cruz,samanthaconner@example.com,50,4186355314
Lisa Odonnell,paul88@example.com,59,4176611457
Savannah Melton,brooksclarence@example.org,53,4174964516
Tracy Saunders,scottsmith@example.net,56,4172471354
Bonnie Moore,lhenderson@example.net,42,4133246395
Sophia Olson,kevinmoreno@example.net,70,4127456519
Courtney Smith,webbjohn@example.net,39,4115836787
Randy Sanchez,elang@example.com,48,4115501714
Michael Taylor,richard80@example.com,61,4112451598
Antonio Gonzalez,jross@example.com,66,4104785718
Dawn Walton,jhernandez@example.org,77,4095650403
Jonathan Johnson,jacksonlisa@example.com,53,4094477265
Tiffany Nelson,rgomez@example.com,52,4092139569
Gene Williams,amybaker@example.org,52,4087972196
Joanna Tate,sbailey@example.net,60,4087279386
Misty Adams,michaelmoore@example.org,62,4063454470
Mrs. Amy Jackson,daviscynthia@example.com,18,4058168556
Corey Walker,fwilliams@example.com,78,4053665788
Jamie Mccormick,jessicastewart@example.com,23,4047403356
Margaret Lopez,reynoldscharlene@example.org,18,4035358632
Rhonda Gilmore,kevin24@example.net,39,4002605911
Deborah Cross,yevans@example.org,78,4002190268
Brian Brewer,lewismichael@example.org,75,3993947209
Courtney Miles,christian52@example.net,61,3985537097
Amber Stokes,hayden55@example.net,78,3974914138
Judy Shepherd,murphyvictoria@example.com,65,3964408371
Daniel Perez,john13@example.org,54,3957460106
Austin Lewis,ypetersen@example.net,34,3944002798
Debra Gutierrez,josephmartinez@example.net,80,3916199544
Eddie Williams,hbriggs@example.net,68,3914601561
Jamie Parker,phillipcollins@example.org,31,3887694225
Jamie Sanchez,hollyphillips@example.net,72,3884420624
Hunter Cross,donna80@example.org,68,3876531020
Frank Morrow,davispatricia@example.org,76,3874176679
Angela Williams,jamescraig@example.net,41,3859591368
Angelica Shelton,orice@example.org,72,3858448764
David Johnson,jeffrey39@example.org,29,3825639218
William Ryan,sanchezjanet@example.org,46,3819765538
Philip Smith,gweber@example.net,31,3812361860
James Hardin,stewartallison@example.net,22,3803544606
Kristen Potts,tjordan@example.com,22,3794111148
Kendra Deleon,stephenparker@example.org,51,3787139280
Christopher Heath,veronicasmith@example.com,78,3776965624
Sheila Williamson,sheltonrobert@example.org,55,3755835898
Timothy Clark,kevinramirez@example.com,19,3739859974
Lisa Rivera DVM,kristina00@example.org,67,3728546178
Steven Martinez,ysmith@example.net,19,3723115749
Dana Berger,patricia77@example.org,74,3712491644
Rachel Mitchell,clarkeabigail@example.net,32,3706041044
Bryce Garcia,carolynjohnson@example.net,64,3705878370
Julie Salazar,eroberson@example.com,71,3705333827
Kathy Le,costaanthony@example.org,75,3677446616
Carrie Brock,vasquezkristina@example.net,28,3676760991
Jonathan Castro,djohnson@example.net,72,3636553587
James Dominguez,ygreen@example.org,69,3636292784
John Wagner,pamelastanley@example.org,36,3633641853
Jeffery Lee,josephlane@example.org,66,3628132322
Robert Guzman,johntorres@example.org,58,3618767582
Eric Jacobs,paulvazquez@example.org,57,3617886726
Paula Ruiz,jsmith@example.net,32,3602214359
Stephanie Alvarez,carlosflores@example.net,78,3586247453
Sharon Contreras,agoodwin@example.org,23,3578062752
Michael Daniels,kevin12@example.com,49,3572792903
Tiffany Fisher,qreilly@example.org,53,3569115021
Timothy Santiago,bookerjohn@example.net,26,3563842500
Mark Meyer,kmcconnell@example.net,63,3548126893
Kevin Grant,blopez@example.org,58,3547839929
Michael Lewis,taylorderek@example.net,65,3546972493
Loretta Drake,stephencase@example.org,68,3543623627
Joseph Moody,danielle61@example.net,26,3526711530
Maria Rogers,kimberly40@example.net,63,3526374334
Shannon Wright,eperez@example.net,64,3516984535
Erin Patel,michael59@example.org,34,3504469127
Jose Riley,charlesweber@example.net,21,3494355994
Shane Andrews,kristenwade@example.org,50,3493758290
Crystal Cunningham,anthonyhernandez@example.org,19,3486421713
Tyler Mcintyre,christopher34@example.com,35,3483459843
Mrs. Amber Jones DDS,pinedachristopher@example.org,67,3465535054
Amy Welch,daniel52@example.org,27,3455559104
Mark Mitchell,bjones@example.org,18,3446105595
Allison Cuevas,annamcclure@example.com,31,3437737870
Kevin Carrillo,leslieharrell@example.com,28,3429811488
Benjamin Hudson,barrybrown@example.com,54,3423734017
James Hancock,vanessa23@example.net,21,3417684612
Mrs. Jessica Stewart,kbauer@example.net,74,3399800732
Margaret Sanchez,bradley77@example.net,68,3385394597
Brandi White,ashaw@example.net,41,3364496033
Mr. Don Alvarez MD,robertwatkins@example.net,41,3362278059
Adam Mcdaniel,piercecameron@example.com,18,3354753265
Shane Harrison,deanna10@example.net,53,3347891212
Rachel Rodriguez,sandovalsherry@example.org,50,3345066803
Elizabeth Barrett,mary37@example.net,54,3342942818
Sara Rodriguez,djackson@example.net,71,3334096434
Gregory Watts,rrobinson@example.com,65,3322144951
Sean Simmons,brittanysharp@example.net,43,3272196673
Sherry Morris,michael50@example.org,35,3245614995
Hannah Schultz,swansonjohnathan@example.org,37,3244296781
Kerry Williams,agilbert@example.org,50,3236367593
Jonathan Hood,gatesgary@example.net,49,3232656718
Amy Stanton,laurasmith@example.org,33,3228196233
Jonathan Smith,amanda73@example.org,74,3224138573
Sean Cervantes,jenniferjohnson@example.org,46,3214109103
Dr. Alexander Martinez,david53@example.net,63,3204520720
Shelly Ball,brucemann@example.com,21,3199820337
Jennifer Doyle,spencer32@example.org,18,3193831075
Katrina Edwards,waltonjustin@example.net,57,3178316455
Amanda Coleman,john33@example.org,28,3165653563
Michelle Miller,morrisdavid@example.com,33,3163736046
Gerald Bennett,jessicaporter@example.com,50,3163142826
Ashlee Velez,dunnmichael@example.org,59,3158007835
Benjamin Brandt,anthonywagner@example.org,64,3145468301
Jesus Caldwell,davissteven@example.org,62,3144098495
Andrea Kennedy,wjones@example.net,35,3143626689
Tracy Robbins,waltonsara@example.org,67,3142994007
Allen Anderson,fryemelissa@example.com,24,3119910075
Cassandra Banks,lindseyjames@example.org,43,3089618690
Michael Shea,krystalmedina@example.org,34,3085303238
Kimberly Gibbs,thomascervantes@example.net,68,3077379889
Kenneth Blair,daniel53@example.net,37,3075838224
Lindsay Holder,susan27@example.com,71,3066549499
William Tucker,gatkins@example.com,69,3066072299
Thomas Palmer,johnnelson@example.net,62,3055861200
Deanna Cohen,kmann@example.net,24,3049484870
April Williams DVM,connie90@example.net,18,3026435339
Robert Willis,ipowell@example.net,52,3014000087
James Kelley,ballardjessica@example.net,33,3009353829
Patrick Collins,juarezisaac@example.org,63,2992286449
Penny Adams,jessica66@example.org,19,2963829105
Christine Gordon PhD,ssimmons@example.com,54,2954282753
Ruth Wade,morrisvictoria@example.net,54,2937197316
John Williams,igutierrez@example.org,37,2913354955
Alexander Mejia,tonyjensen@example.org,45,2913019013
Janice Wang,codyriggs@example.com,45,2874771645
Matthew Mata,coffeyjared@example.net,73,2868261299
Cody Bishop,weavercheryl@example.net,39,2867287263
Steven Montgomery,eduardo03@example.org,37,2862963215
Natasha Howard,wpatel@example.com,73,2855889150
Alexander Rodriguez,mathischelsey@example.com,56,2853321522
Matthew Stafford,huntergregg@example.com,69,2847002392
Cameron Cook,tylerthompson@example.com,66,2834066773
James Walker,josephdavis@example.com,71,2828095548
Dr. Heidi Lewis,maria36@example.net,18,2823946234
John Harvey,hclark@example.net,56,2819733300
Scott Weber,sharon67@example.org,40,2815844356
Michelle Thomas,joshuamatthews@example.net,71,2815676743
Jennifer Medina,alexandergriffin@example.net,28,2814326501
Theresa Berry,paul69@example.com,71,2799799778
Kristy Weaver,wilsonleon@example.org,32,2787266481
Lisa Chan,browncynthia@example.net,20,2784862355
John Kelly,michael02@example.org,45,2778186006
Kayla Cantrell,emilyschwartz@example.net,30,2764039358
Anthony Chavez,maryfoster@example.net,19,2755305009
Lisa Mendoza,keithsanchez@example.org,56,2739426524
Gina Thomas,selena63@example.org,75,2736875244
Jacob Dominguez,ericsingh@example.org,76,2729049117
Brandon Hughes,dmckenzie@example.org,57,2728490394
Kimberly Taylor,perezshannon@example.com,54,2726345514
Shawn Moore,vanessastewart@example.org,20,2723902968
Joan Estrada,dixonpaula@example.net,37,2719462600
Michael Chen,jbuckley@example.com,43,2712862106
Sharon Preston,joshuablair@example.org,60,2697241471
Alexa Reese,johnsonkim@example.com,58,2694039006
Anthony Adams,tbenson@example.net,34,2677135944
Erica Smith DDS,johnochoa@example.org,58,2672707838
Wendy Turner,raymondkristen@example.com,21,2667659532
Austin Schultz,debra79@example.com,31,2665249052
James Davis,gcampbell@example.org,39,2642779731
Jessica Evans,oliverdanny@example.com,66,2639297481
Peter King,lisawatts@example.org,53,2636905488
Victor Valdez,maddoxlisa@example.org,57,2626787645
Paul Sanders,smithtanya@example.net,25,2604676612
Rhonda Walsh,butleramy@example.org,53,2603771719
Christopher Davis,bjames@example.org,40,2594179132
Natasha Lawrence,nicole99@example.org,78,2583443264
Benjamin Webb,misty77@example.net,31,2579324360
Lisa Garcia,davisashley@example.com,34,2569962948
Todd Patel,christian04@example.org,72,2558877536
Frank Vazquez,amy84@example.net,59,2558833364
Samuel Ford,melissahebert@example.org,22,2558060267
Kathleen Brown,amygilbert@example.org,45,2557783764
Ashley Williams,marksvincent@example.net,72,2549794350
Mr. Matthew Liu MD,kfranklin@example.com,29,2544689705
Sandra Jones DDS,samuel85@example.com,42,2544363498
Charlotte Nguyen,jerry18@example.org,69,2532443064
Hunter Fritz,browndavid@example.com,60,2524431215
Frederick Jones,hallsean@example.org,36,2512494260
Randall Davis,robertwilliams@example.org,68,2505585750
Christina Lopez,kimberly40@example.com,56,2485721757
Francis Shaw,martinezheather@example.net,40,2483337835
Kathy Perkins,kthomas@example.com,28,2469698210
Ricky Hampton,emilyhernandez@example.net,42,2469294992
Barbara Brown,myoung@example.net,18,2456115427
Dillon Carson,cjones@example.org,57,2449827551
Evan Perez,moseslisa@example.com,49,2448282795
Vanessa Kirby,meghancochran@example.org,43,2426760870
Lee Wolfe,qochoa@example.com,74,2415064348
James Casey,moralesmark@example.org,79,2402681837
Brandon Cox,wardashley@example.org,28,2393236196
Stacy Mueller,david35@example.com,20,2366403344
Richard Wood MD,dadams@example.com,22,2363660204
Wendy Rose,brittany73@example.org,77,2334561979
Michael Green,elizabethboyer@example.net,33,2328373568
Joseph Gross,joshuaschmidt@example.org,23,2319850088
Edward Martin,theresa32@example.com,21,2318168534
Todd Nelson,usmith@example.com,62,2315680863
Larry Deleon,peggy01@example.com,30,2308319495
Helen Martinez,stephenmendoza@example.org,64,2298075987
Stephanie Estrada,danielstimothy@example.com,33,2293796268
Melody Gibson,danieldavenport@example.com,50,2268548603
Manuel Miller,camachojared@example.com,59,2263006795
Sarah Zavala,kyle90@example.org,31,2244439504
Paul Roberts,nwilliams@example.org,46,2214959934
William Smith,lswanson@example.com,44,2213149150
Glenn Newman,lisa40@example.com,28,2212367020
Matthew Hanson,holmessean@example.org,67,2206383193
Julie Williams,yolanda01@example.com,19,2206161099
Monique Bauer,billrobertson@example.net,24,2204951645
Raymond Rivas,santiagolatoya@example.com,23,2186111523
Keith Black,fturner@example.org,70,2183443414
Jacob Scott,gmartinez@example.org,62,2179593017
Kim Stewart,michael83@example.net,72,2176804385
Richard Mullins,smithcarolyn@example.com,53,2175700367
Ricardo Parker,james86@example.net,27,2158097870
Natasha Ramos,colesamantha@example.net,19,2153441922
Jonathan Lee,michelle19@example.com,22,2142750082
Kristin Le,michellepham@example.net,38,2108729947
Catherine Howard,cklein@example.org,22,2103441249
William Silva,evansbrooke@example.com,64,2098550120
Jennifer Hunter,mcharles@example.org,52,2084789395
Tracy Robertson,dianasanchez@example.com,48,2076099928
Stephanie Smith,xjackson@example.net,44,2065255487
Mrs. Victoria Brown,warnersharon@example.org,47,2053216757
Christopher Lopez,williampena@example.com,79,2048833851
Courtney Dillon,robert95@example.org,40,2036127472
Alan Reed,smithcaroline@example.net,69,2036023578
Sandra Horton,dennisamanda@example.net,54,2033952205
Louis Ortiz,ryandavis@example.com,77,2033495576
Lisa Holt,terri81@example.com,47,2019678397
Aaron Kramer,tranandrew@example.com,25,2012116179
Andrea Fields,alicia25@example.org,58,1781558548
Anna Miller,donna59@example.net,70,1775736503
Karen Tucker,walterslaura@example.com,25,1480611395
Brian Shepherd,armstrongteresa@example.net,64,1475288190
